EmployeeID,Attrition
6110001,1.0
6110002,1.0
6110003,1.0
6110004,1.0
6110005,0.0
6110006,0.0
6110007,1.0
6110008,1.0
6110009,0.0
6110010,1.0
6110011,1.0
6110012,1.0
6110013,0.0
6110014,0.0
6110015,0.0
6110016,0.0
6110017,1.0
6110018,0.0
6110019,0.0
6110020,0.0
6110021,1.0
6110022,1.0
6110023,1.0
6110024,0.0
6110025,0.0
6110026,0.0
6110027,0.0
6110028,1.0
6110029,0.0
6110030,0.0
6110031,0.0
6110032,1.0
6110033,1.0
6110034,0.0
6110035,0.0
6110036,1.0
6110037,0.0
6110038,1.0
6110039,1.0
6110040,1.0
6110041,1.0
6110042,0.0
6110043,0.0
6110044,0.0
6110045,0.0
6110046,1.0
6110047,0.0
6110048,1.0
6110049,1.0
6110050,0.0
6110051,1.0
6110052,1.0
6110053,0.0
6110054,1.0
6110055,1.0
6110056,0.0
6110057,0.0
6110058,1.0
6110059,1.0
6110060,0.0
6110061,1.0
6110062,0.0
6110063,1.0
6110064,1.0
6110065,0.0
6110066,0.0
6110067,1.0
6110068,0.0
6110069,1.0
6110070,1.0
6110071,1.0
6110072,0.0
6110073,1.0
6110074,0.0
6110075,0.0
6110076,0.0
6110077,1.0
6110078,0.0
6110079,1.0
6110080,0.0
6110081,0.0
6110082,1.0
6110083,0.0
6110084,0.0
6110085,0.0
6110086,0.0
6110087,1.0
6110088,0.0
6110089,0.0
6110090,0.0
6110091,0.0
6110092,1.0
6110093,0.0
6110094,1.0
6110095,1.0
6110096,0.0
6110097,0.0
6110098,1.0
6110099,0.0
6110100,1.0
6110101,1.0
6110102,0.0
6110103,0.0
6110104,0.0
6110105,0.0
6110106,1.0
6110107,0.0
6110108,0.0
6110109,1.0
6110110,0.0
6110111,1.0
6110112,1.0
6110113,0.0
6110114,1.0
6110115,0.0
6110116,0.0
6110117,0.0
6110118,1.0
6110119,0.0
6110120,0.0
6110121,1.0
6110122,0.0
6110123,0.0
6110124,0.0
6110125,1.0
6110126,1.0
6110127,1.0
6110128,0.0
6110129,0.0
6110130,0.0
6110131,1.0
6110132,0.0
6110133,0.0
6110134,0.0
6110135,1.0
6110136,1.0
6110137,0.0
6110138,1.0
6110139,0.0
6110140,0.0
6110141,1.0
6110142,0.0
6110143,0.0
6110144,0.0
6110145,0.0
6110146,1.0
6110147,0.0
6110148,0.0
6110149,0.0
6110150,0.0
6110151,0.0
6110152,0.0
6110153,1.0
6110154,1.0
6110155,0.0
6110156,1.0
6110157,0.0
6110158,1.0
6110159,1.0
6110160,0.0
6110161,1.0
6110162,1.0
6110163,1.0
6110164,0.0
6110165,0.0
6110166,0.0
6110167,0.0
6110168,1.0
6110169,0.0
6110170,0.0
6110171,0.0
6110172,0.0
6110173,1.0
6110174,1.0
6110175,1.0
6110176,0.0
6110177,0.0
6110178,1.0
6110179,0.0
6110180,0.0
6110181,1.0
6110182,0.0
6110183,1.0
6110184,0.0
6110185,0.0
6110186,0.0
6110187,0.0
6110188,1.0
6110189,0.0
6110190,1.0
6110191,1.0
6110192,1.0
6110193,1.0
6110194,0.0
6110195,0.0
6110196,0.0
6110197,1.0
6110198,0.0
6110199,1.0
6110200,0.0
6110201,1.0
6110202,0.0
6110203,1.0
6110204,0.0
6110205,1.0
6110206,0.0
6110207,0.0
6110208,1.0
6110209,0.0
6110210,0.0
6110211,1.0
6110212,0.0
6110213,0.0
6110214,1.0
6110215,0.0
6110216,0.0
6110217,0.0
6110218,1.0
6110219,0.0
6110220,0.0
6110221,0.0
6110222,1.0
6110223,0.0
6110224,0.0
6110225,1.0
6110226,0.0
6110227,1.0
6110228,0.0
6110229,0.0
6110230,0.0
6110231,1.0
6110232,1.0
6110233,0.0
6110234,0.0
6110235,0.0
6110236,0.0
6110237,0.0
6110238,1.0
6110239,1.0
6110240,0.0
6110241,1.0
6110242,1.0
6110243,0.0
6110244,0.0
6110245,1.0
6110246,1.0
6110247,0.0
6110248,0.0
6110249,0.0
6110250,1.0
6110251,0.0
6110252,1.0
6110253,1.0
6110254,1.0
6110255,1.0
6110256,1.0
6110257,1.0
6110258,0.0
6110259,1.0
6110260,1.0
6110261,1.0
6110262,0.0
6110263,0.0
6110264,1.0
6110265,0.0
6110266,0.0
6110267,1.0
6110268,1.0
6110269,0.0
6110270,1.0
6110271,0.0
6110272,0.0
6110273,0.0
6110274,0.0
6110275,0.0
6110276,0.0
6110277,1.0
6110278,1.0
6110279,0.0
6110280,1.0
6110281,0.0
6110282,1.0
6110283,0.0
6110284,1.0
6110285,1.0
6110286,0.0
6110287,1.0
6110288,0.0
6110289,0.0
6110290,1.0
6110291,0.0
6110292,0.0
6110293,1.0
6110294,1.0
6110295,0.0
6110296,0.0
6110297,1.0
6110298,0.0
6110299,0.0
6110300,0.0
6110301,1.0
6110302,1.0
6110303,1.0
6110304,0.0
6110305,0.0
6110306,0.0
6110307,1.0
6110308,0.0
6110309,1.0
6110310,1.0
6110311,1.0
6110312,0.0
6110313,1.0
6110314,1.0
6110315,1.0
6110316,1.0
6110317,1.0
6110318,1.0
6110319,1.0
6110320,1.0
6110321,1.0
6110322,0.0
6110323,0.0
6110324,1.0
6110325,1.0
6110326,0.0
6110327,0.0
6110328,1.0
6110329,0.0
6110330,0.0
6110331,0.0
6110332,1.0
6110333,1.0
6110334,0.0
6110335,0.0
6110336,0.0
6110337,0.0
6110338,0.0
6110339,0.0
6110340,0.0
6110341,0.0
6110342,1.0
6110343,1.0
6110344,1.0
6110345,1.0
6110346,1.0
6110347,1.0
6110348,0.0
6110349,1.0
6110350,1.0
6110351,0.0
6110352,0.0
6110353,0.0
6110354,0.0
6110355,0.0
6110356,1.0
6110357,0.0
6110358,0.0
6110359,0.0
6110360,0.0
6110361,0.0
6110362,1.0
6110363,0.0
6110364,0.0
6110365,1.0
6110366,1.0
6110367,1.0
6110368,1.0
6110369,0.0
6110370,0.0
6110371,1.0
6110372,0.0
6110373,0.0
6110374,0.0
6110375,1.0
6110376,0.0
6110377,0.0
6110378,0.0
6110379,0.0
6110380,1.0
6110381,0.0
6110382,1.0
6110383,1.0
6110384,1.0
6110385,0.0
6110386,1.0
6110387,1.0
6110388,0.0
6110389,0.0
6110390,1.0
6110391,1.0
6110392,0.0
6110393,0.0
6110394,0.0
6110395,1.0
6110396,0.0
6110397,0.0
6110398,1.0
6110399,0.0
6110400,1.0
6110401,1.0
6110402,1.0
6110403,0.0
6110404,1.0
6110405,1.0
6110406,1.0
6110407,0.0
6110408,1.0
6110409,1.0
6110410,0.0
6110411,1.0
6110412,1.0
6110413,0.0
6110414,0.0
6110415,0.0
6110416,1.0
6110417,0.0
6110418,1.0
6110419,1.0
6110420,0.0
6110421,0.0
6110422,1.0
6110423,0.0
6110424,0.0
6110425,0.0
6110426,0.0
6110427,0.0
6110428,1.0
6110429,1.0
6110430,0.0
6110431,1.0
6110432,1.0
6110433,0.0
6110434,0.0
6110435,1.0
6110436,1.0
6110437,0.0
6110438,0.0
6110439,1.0
6110440,1.0
6110441,1.0
6110442,0.0
6110443,0.0
6110444,0.0
6110445,0.0
6110446,1.0
6110447,1.0
6110448,0.0
6110449,1.0
6110450,1.0
6110451,0.0
6110452,0.0
6110453,0.0
6110454,0.0
6110455,1.0
6110456,0.0
6110457,1.0
6110458,1.0
6110459,0.0
6110460,0.0
6110461,0.0
6110462,0.0
6110463,0.0
6110464,1.0
6110465,1.0
6110466,1.0
6110467,0.0
6110468,0.0
6110469,1.0
6110470,0.0
6110471,1.0
6110472,0.0
6110473,1.0
6110474,1.0
6110475,0.0
6110476,0.0
6110477,1.0
6110478,0.0
6110479,1.0
6110480,0.0
6110481,0.0
6110482,0.0
6110483,0.0
6110484,0.0
6110485,0.0
6110486,1.0
6110487,1.0
6110488,0.0
6110489,0.0
6110490,0.0
6110491,1.0
6110492,1.0
6110493,0.0
6110494,0.0
6110495,0.0
6110496,1.0
6110497,1.0
6110498,1.0
6110499,1.0
6110500,1.0
6110501,0.0
6110502,0.0
6110503,0.0
6110504,0.0
6110505,1.0
6110506,0.0
6110507,1.0
6110508,0.0
6110509,1.0
6110510,0.0
6110511,0.0
6110512,0.0
6110513,0.0
6110514,0.0
6110515,0.0
6110516,0.0
6110517,1.0
6110518,1.0
6110519,1.0
6110520,1.0
6110521,1.0
6110522,1.0
6110523,1.0
6110524,1.0
6110525,0.0
6110526,1.0
6110527,1.0
6110528,0.0
6110529,0.0
6110530,1.0
6110531,0.0
6110532,1.0
6110533,1.0
6110534,0.0
6110535,1.0
6110536,1.0
6110537,0.0
6110538,0.0
6110539,0.0
6110540,0.0
6110541,1.0
6110542,1.0
6110543,1.0
6110544,0.0
6110545,1.0
6110546,1.0
6110547,0.0
6110548,0.0
6110549,0.0
6110550,1.0
6110551,0.0
6110552,0.0
6110553,1.0
6110554,1.0
6110555,0.0
6110556,1.0
6110557,1.0
6110558,1.0
6110559,1.0
6110560,0.0
6110561,0.0
6110562,0.0
6110563,1.0
6110564,1.0
6110565,0.0
6110566,0.0
6110567,0.0
6110568,1.0
6110569,0.0
6110570,0.0
6110571,1.0
6110572,0.0
6110573,0.0
6110574,1.0
6110575,0.0
6110576,0.0
6110577,1.0
6110578,1.0
6110579,0.0
6110580,1.0
6110581,1.0
6110582,1.0
6110583,0.0
6110584,1.0
6110585,0.0
6110586,0.0
6110587,1.0
6110588,1.0
6110589,1.0
6110590,1.0
6110591,1.0
6110592,0.0
6110593,0.0
6110594,1.0
6110595,0.0
6110596,1.0
6110597,0.0
6110598,0.0
6110599,0.0
6110600,0.0
6110601,0.0
6110602,1.0
6110603,0.0
6110604,1.0
6110605,0.0
6110606,0.0
6110607,1.0
6110608,0.0
6110609,0.0
6110610,0.0
6110611,0.0
6110612,0.0
6110613,1.0
6110614,1.0
6110615,0.0
6110616,0.0
6110617,0.0
6110618,1.0
6110619,0.0
6110620,0.0
6110621,1.0
6110622,0.0
6110623,1.0
6110624,1.0
6110625,1.0
6110626,1.0
6110627,0.0
6110628,0.0
6110629,1.0
6110630,0.0
6110631,0.0
6110632,1.0
6110633,1.0
6110634,0.0
6110635,0.0
6110636,0.0
6110637,0.0
6110638,0.0
6110639,1.0
6110640,0.0
6110641,1.0
6110642,1.0
6110643,0.0
6110644,0.0
6110645,1.0
6110646,0.0
6110647,1.0
6110648,1.0
6110649,0.0
6110650,1.0
6110651,0.0
6110652,1.0
6110653,0.0
6110654,1.0
6110655,1.0
6110656,0.0
6110657,0.0
6110658,1.0
6110659,1.0
6110660,0.0
6110661,0.0
6110662,0.0
6110663,1.0
6110664,1.0
6110665,0.0
6110666,0.0
6110667,1.0
6110668,1.0
6110669,0.0
6110670,1.0
6110671,0.0
6110672,0.0
6110673,0.0
6110674,1.0
6110675,1.0
6110676,1.0
6110677,0.0
6110678,0.0
6110679,0.0
6110680,0.0
6110681,1.0
6110682,0.0
6110683,1.0
6110684,0.0
6110685,1.0
6110686,0.0
6110687,1.0
6110688,0.0
6110689,1.0
6110690,0.0
6110691,0.0
6110692,0.0
6110693,0.0
6110694,0.0
6110695,0.0
6110696,0.0
6110697,1.0
6110698,1.0
6110699,0.0
6110700,0.0
6110701,1.0
6110702,0.0
6110703,0.0
6110704,1.0
6110705,1.0
6110706,0.0
6110707,1.0
6110708,1.0
6110709,0.0
6110710,1.0
6110711,0.0
6110712,0.0
6110713,0.0
6110714,1.0
6110715,0.0
6110716,1.0
6110717,0.0
6110718,0.0
6110719,1.0
6110720,0.0
6110721,0.0
6110722,1.0
6110723,0.0
6110724,0.0
6110725,0.0
6110726,1.0
6110727,1.0
6110728,0.0
6110729,0.0
6110730,0.0
6110731,0.0
6110732,0.0
6110733,1.0
6110734,1.0
6110735,0.0
6110736,1.0
6110737,0.0
6110738,0.0
6110739,0.0
6110740,0.0
6110741,1.0
6110742,1.0
6110743,1.0
6110744,1.0
6110745,0.0
6110746,1.0
6110747,0.0
6110748,0.0
6110749,0.0
6110750,0.0
6110751,1.0
6110752,0.0
6110753,1.0
6110754,0.0
6110755,0.0
6110756,1.0
6110757,0.0
6110758,0.0
6110759,1.0
6110760,1.0
6110761,0.0
6110762,1.0
6110763,0.0
6110764,1.0
6110765,0.0
6110766,1.0
6110767,1.0
6110768,1.0
6110769,0.0
6110770,0.0
6110771,1.0
6110772,0.0
6110773,1.0
6110774,0.0
6110775,0.0
6110776,0.0
6110777,0.0
6110778,0.0
6110779,0.0
6110780,1.0
6110781,0.0
6110782,0.0
6110783,1.0
6110784,0.0
6110785,1.0
6110786,1.0
6110787,1.0
6110788,1.0
6110789,1.0
6110790,1.0
6110791,0.0
6110792,0.0
6110793,1.0
6110794,0.0
6110795,0.0
6110796,0.0
6110797,1.0
6110798,0.0
6110799,0.0
6110800,0.0
6110801,0.0
6110802,1.0
6110803,0.0
6110804,1.0
6110805,0.0
6110806,0.0
6110807,1.0
6110808,0.0
6110809,1.0
6110810,0.0
6110811,1.0
6110812,0.0
6110813,1.0
6110814,0.0
6110815,1.0
6110816,0.0
6110817,0.0
6110818,0.0
6110819,0.0
6110820,1.0
6110821,0.0
6110822,0.0
6110823,1.0
6110824,0.0
6110825,1.0
6110826,0.0
6110827,0.0
6110828,1.0
6110829,1.0
6110830,1.0
6110831,0.0
6110832,1.0
6110833,0.0
6110834,0.0
6110835,1.0
6110836,0.0
6110837,0.0
6110838,0.0
6110839,1.0
6110840,0.0
6110841,0.0
6110842,1.0
6110843,1.0
6110844,1.0
6110845,0.0
6110846,0.0
6110847,0.0
6110848,0.0
6110849,0.0
6110850,1.0
6110851,1.0
6110852,0.0
6110853,0.0
6110854,0.0
6110855,0.0
6110856,0.0
6110857,1.0
6110858,0.0
6110859,0.0
6110860,0.0
6110861,1.0
6110862,1.0
6110863,0.0
6110864,1.0
6110865,0.0
6110866,0.0
6110867,0.0
6110868,0.0
6110869,0.0
6110870,0.0
6110871,0.0
6110872,0.0
6110873,1.0
6110874,1.0
6110875,0.0
6110876,1.0
6110877,1.0
6110878,1.0
6110879,0.0
6110880,1.0
6110881,0.0
6110882,0.0
6110883,0.0
6110884,1.0
6110885,1.0
6110886,0.0
6110887,1.0
6110888,0.0
6110889,1.0
6110890,1.0
6110891,1.0
6110892,0.0
6110893,0.0
6110894,1.0
6110895,1.0
6110896,0.0
6110897,0.0
6110898,0.0
6110899,0.0
6110900,1.0
6110901,1.0
6110902,1.0
6110903,0.0
6110904,0.0
6110905,1.0
6110906,0.0
6110907,0.0
6110908,0.0
6110909,0.0
6110910,0.0
6110911,0.0
6110912,0.0
6110913,1.0
6110914,1.0
6110915,0.0
6110916,0.0
6110917,0.0
6110918,0.0
6110919,0.0
6110920,1.0
6110921,0.0
6110922,1.0
6110923,0.0
6110924,0.0
6110925,0.0
6110926,1.0
6110927,0.0
6110928,1.0
6110929,0.0
6110930,1.0
6110931,0.0
6110932,0.0
6110933,1.0
6110934,0.0
6110935,0.0
6110936,0.0
6110937,0.0
6110938,1.0
6110939,0.0
6110940,0.0
6110941,0.0
6110942,1.0
6110943,1.0
6110944,0.0
6110945,0.0
6110946,1.0
6110947,1.0
6110948,0.0
6110949,0.0
6110950,0.0
6110951,0.0
6110952,0.0
6110953,0.0
6110954,0.0
6110955,1.0
6110956,1.0
6110957,1.0
6110958,0.0
6110959,1.0
6110960,1.0
6110961,0.0
6110962,0.0
6110963,0.0
6110964,1.0
6110965,1.0
6110966,1.0
6110967,0.0
6110968,1.0
6110969,1.0
6110970,1.0
6110971,1.0
6110972,1.0
6110973,0.0
6110974,0.0
6110975,0.0
6110976,0.0
6110977,0.0
6110978,1.0
6110979,1.0
6110980,1.0
6110981,0.0
6110982,0.0
6110983,0.0
6110984,1.0
6110985,0.0
6110986,1.0
6110987,0.0
6110988,1.0
6110989,1.0
6110990,0.0
6110991,1.0
6110992,0.0
6110993,1.0
6110994,0.0
6110995,1.0
6110996,1.0
6110997,1.0
6110998,0.0
6110999,0.0
6111000,1.0
6111001,0.0
6111002,0.0
6111003,1.0
6111004,1.0
6111005,0.0
6111006,1.0
6111007,1.0
6111008,1.0
6111009,1.0
6111010,1.0
6111011,0.0
6111012,0.0
6111013,0.0
6111014,1.0
6111015,0.0
6111016,0.0
6111017,1.0
6111018,0.0
6111019,0.0
6111020,0.0
6111021,0.0
6111022,1.0
6111023,0.0
6111024,0.0
6111025,1.0
6111026,1.0
6111027,1.0
6111028,0.0
6111029,0.0
6111030,1.0
6111031,0.0
6111032,1.0
6111033,0.0
6111034,0.0
6111035,1.0
6111036,1.0
6111037,1.0
6111038,1.0
6111039,0.0
6111040,0.0
6111041,0.0
6111042,0.0
6111043,1.0
6111044,0.0
6111045,0.0
6111046,0.0
6111047,1.0
6111048,1.0
6111049,1.0
6111050,0.0
6111051,1.0
6111052,1.0
6111053,0.0
6111054,1.0
6111055,1.0
6111056,0.0
6111057,1.0
6111058,0.0
6111059,1.0
6111060,1.0
6111061,0.0
6111062,0.0
6111063,0.0
6111064,1.0
6111065,1.0
6111066,1.0
6111067,0.0
6111068,0.0
6111069,1.0
6111070,0.0
6111071,1.0
6111072,1.0
6111073,0.0
6111074,0.0
6111075,0.0
6111076,0.0
6111077,0.0
6111078,1.0
6111079,0.0
6111080,0.0
6111081,0.0
6111082,0.0
6111083,1.0
6111084,1.0
6111085,1.0
6111086,0.0
6111087,1.0
6111088,0.0
6111089,0.0
6111090,1.0
6111091,1.0
6111092,0.0
6111093,1.0
6111094,0.0
6111095,1.0
6111096,0.0
6111097,0.0
6111098,0.0
6111099,0.0
6111100,0.0
6111101,0.0
6111102,1.0
6111103,0.0
6111104,1.0
6111105,1.0
6111106,1.0
6111107,1.0
6111108,1.0
6111109,1.0
6111110,1.0
6111111,1.0
6111112,1.0
6111113,1.0
6111114,0.0
6111115,0.0
6111116,0.0
6111117,1.0
6111118,0.0
6111119,0.0
6111120,0.0
6111121,0.0
6111122,1.0
6111123,0.0
6111124,1.0
6111125,0.0
6111126,0.0
6111127,0.0
6111128,1.0
6111129,0.0
6111130,1.0
6111131,0.0
6111132,1.0
6111133,0.0
6111134,1.0
6111135,0.0
6111136,0.0
6111137,0.0
6111138,0.0
6111139,0.0
6111140,0.0
6111141,1.0
6111142,0.0
6111143,1.0
6111144,0.0
6111145,1.0
6111146,1.0
6111147,0.0
6111148,1.0
6111149,0.0
6111150,0.0
6111151,0.0
6111152,0.0
6111153,0.0
6111154,1.0
6111155,0.0
6111156,1.0
6111157,0.0
6111158,1.0
6111159,0.0
6111160,0.0
6111161,1.0
6111162,0.0
6111163,0.0
6111164,0.0
6111165,1.0
6111166,1.0
6111167,0.0
6111168,1.0
6111169,0.0
6111170,0.0
6111171,0.0
6111172,0.0
6111173,0.0
6111174,1.0
6111175,0.0
6111176,0.0
6111177,1.0
6111178,0.0
6111179,0.0
6111180,1.0
6111181,1.0
6111182,1.0
6111183,1.0
6111184,0.0
6111185,0.0
6111186,0.0
6111187,1.0
6111188,0.0
6111189,0.0
6111190,0.0
6111191,0.0
6111192,1.0
6111193,0.0
6111194,1.0
6111195,0.0
6111196,0.0
6111197,1.0
6111198,0.0
6111199,0.0
6111200,0.0
6111201,1.0
6111202,0.0
6111203,0.0
6111204,1.0
6111205,0.0
6111206,1.0
6111207,0.0
6111208,1.0
6111209,0.0
6111210,1.0
6111211,0.0
6111212,0.0
6111213,1.0
6111214,1.0
6111215,0.0
6111216,0.0
6111217,0.0
6111218,0.0
6111219,0.0
6111220,0.0
6111221,0.0
6111222,0.0
6111223,1.0
6111224,0.0
6111225,0.0
6111226,0.0
6111227,0.0
6111228,1.0
6111229,1.0
6111230,1.0
6111231,0.0
6111232,1.0
6111233,0.0
6111234,0.0
6111235,1.0
6111236,1.0
6111237,0.0
6111238,0.0
6111239,0.0
6111240,0.0
6111241,0.0
6111242,0.0
6111243,0.0
6111244,1.0
6111245,0.0
6111246,1.0
6111247,0.0
6111248,0.0
6111249,1.0
6111250,1.0
6111251,0.0
6111252,0.0
6111253,1.0
6111254,1.0
6111255,0.0
6111256,1.0
6111257,0.0
6111258,0.0
6111259,0.0
6111260,1.0
6111261,0.0
6111262,1.0
6111263,1.0
6111264,1.0
6111265,1.0
6111266,1.0
6111267,0.0
6111268,0.0
6111269,0.0
6111270,1.0
6111271,0.0
6111272,0.0
6111273,0.0
6111274,0.0
6111275,1.0
6111276,0.0
6111277,1.0
6111278,1.0
6111279,0.0
6111280,0.0
6111281,0.0
6111282,1.0
6111283,1.0
6111284,0.0
6111285,0.0
6111286,0.0
6111287,1.0
6111288,1.0
6111289,0.0
6111290,0.0
6111291,0.0
6111292,1.0
6111293,0.0
6111294,1.0
6111295,0.0
6111296,1.0
6111297,0.0
6111298,0.0
6111299,1.0
6111300,0.0
6111301,0.0
6111302,1.0
6111303,1.0
6111304,0.0
6111305,0.0
6111306,1.0
6111307,0.0
6111308,1.0
6111309,1.0
6111310,1.0
6111311,1.0
6111312,1.0
6111313,1.0
6111314,1.0
6111315,0.0
6111316,1.0
6111317,1.0
6111318,0.0
6111319,1.0
6111320,0.0
6111321,1.0
6111322,0.0
6111323,1.0
6111324,1.0
6111325,1.0
6111326,0.0
6111327,1.0
6111328,0.0
6111329,1.0
6111330,1.0
6111331,0.0
6111332,1.0
6111333,0.0
6111334,0.0
6111335,1.0
6111336,0.0
6111337,1.0
6111338,0.0
6111339,1.0
6111340,0.0
6111341,0.0
6111342,1.0
6111343,1.0
6111344,1.0
6111345,0.0
6111346,0.0
6111347,0.0
6111348,0.0
6111349,1.0
6111350,0.0
6111351,1.0
6111352,0.0
6111353,0.0
6111354,1.0
6111355,0.0
6111356,0.0
6111357,1.0
6111358,1.0
6111359,1.0
6111360,0.0
6111361,1.0
6111362,0.0
6111363,1.0
6111364,0.0
6111365,0.0
6111366,1.0
6111367,1.0
6111368,0.0
6111369,0.0
6111370,0.0
6111371,1.0
6111372,0.0
6111373,0.0
6111374,1.0
6111375,1.0
6111376,1.0
6111377,0.0
6111378,1.0
6111379,0.0
6111380,0.0
6111381,1.0
6111382,1.0
6111383,0.0
6111384,1.0
6111385,0.0
6111386,1.0
6111387,1.0
6111388,0.0
6111389,1.0
6111390,0.0
6111391,0.0
6111392,1.0
6111393,1.0
6111394,1.0
6111395,0.0
6111396,0.0
6111397,1.0
6111398,1.0
6111399,0.0
6111400,0.0
6111401,0.0
6111402,0.0
6111403,0.0
6111404,1.0
6111405,0.0
6111406,0.0
6111407,0.0
6111408,1.0
6111409,0.0
6111410,1.0
6111411,0.0
6111412,1.0
6111413,0.0
6111414,0.0
6111415,0.0
6111416,1.0
6111417,0.0
6111418,0.0
6111419,1.0
6111420,1.0
6111421,1.0
6111422,0.0
6111423,1.0
6111424,1.0
6111425,0.0
6111426,1.0
6111427,1.0
6111428,0.0
6111429,1.0
6111430,0.0
6111431,1.0
6111432,1.0
6111433,0.0
6111434,0.0
6111435,1.0
6111436,1.0
6111437,1.0
6111438,1.0
6111439,1.0
6111440,1.0
6111441,1.0
6111442,0.0
6111443,1.0
6111444,1.0
6111445,0.0
6111446,0.0
6111447,0.0
6111448,0.0
6111449,1.0
6111450,0.0
6111451,0.0
6111452,1.0
6111453,0.0
6111454,1.0
6111455,1.0
6111456,1.0
6111457,1.0
6111458,1.0
6111459,1.0
6111460,0.0
6111461,1.0
6111462,0.0
6111463,0.0
6111464,0.0
6111465,0.0
6111466,0.0
6111467,0.0
6111468,0.0
6111469,1.0
6111470,0.0
6111471,0.0
6111472,1.0
6111473,0.0
6111474,0.0
6111475,0.0
6111476,1.0
6111477,0.0
6111478,0.0
6111479,1.0
6111480,1.0
6111481,0.0
6111482,0.0
6111483,1.0
6111484,1.0
6111485,0.0
6111486,1.0
6111487,1.0
6111488,0.0
6111489,1.0
6111490,0.0
6111491,0.0
6111492,1.0
6111493,0.0
6111494,1.0
6111495,0.0
6111496,0.0
6111497,1.0
6111498,1.0
6111499,1.0
6111500,1.0
6111501,1.0
6111502,0.0
6111503,1.0
6111504,0.0
6111505,0.0
6111506,0.0
6111507,1.0
6111508,0.0
6111509,1.0
6111510,0.0
6111511,1.0
6111512,1.0
6111513,1.0
6111514,0.0
6111515,1.0
6111516,1.0
6111517,0.0
6111518,1.0
6111519,0.0
6111520,0.0
6111521,0.0
6111522,0.0
6111523,1.0
6111524,0.0
6111525,0.0
6111526,1.0
6111527,1.0
6111528,0.0
6111529,0.0
6111530,0.0
6111531,1.0
6111532,0.0
6111533,0.0
6111534,0.0
6111535,1.0
6111536,0.0
6111537,0.0
6111538,0.0
6111539,1.0
6111540,0.0
6111541,1.0
6111542,1.0
6111543,1.0
6111544,0.0
6111545,0.0
6111546,1.0
6111547,1.0
6111548,1.0
6111549,1.0
6111550,0.0
6111551,0.0
6111552,1.0
6111553,1.0
6111554,1.0
6111555,0.0
6111556,1.0
6111557,1.0
6111558,1.0
6111559,1.0
6111560,1.0
6111561,0.0
6111562,1.0
6111563,0.0
6111564,1.0
6111565,1.0
6111566,0.0
6111567,0.0
6111568,0.0
6111569,0.0
6111570,1.0
6111571,1.0
6111572,1.0
6111573,1.0
6111574,1.0
6111575,1.0
6111576,1.0
6111577,1.0
6111578,0.0
6111579,1.0
6111580,0.0
6111581,1.0
6111582,0.0
6111583,1.0
6111584,0.0
6111585,1.0
6111586,1.0
6111587,1.0
6111588,1.0
6111589,0.0
6111590,0.0
6111591,1.0
6111592,1.0
6111593,0.0
6111594,0.0
6111595,1.0
6111596,1.0
6111597,1.0
6111598,0.0
6111599,0.0
6111600,0.0
6111601,0.0
6111602,1.0
6111603,0.0
6111604,0.0
6111605,0.0
6111606,0.0
6111607,1.0
6111608,0.0
6111609,0.0
6111610,1.0
6111611,0.0
6111612,1.0
6111613,0.0
6111614,0.0
6111615,0.0
6111616,1.0
6111617,0.0
6111618,0.0
6111619,1.0
6111620,0.0
6111621,1.0
6111622,0.0
6111623,1.0
6111624,0.0
6111625,0.0
6111626,1.0
6111627,0.0
6111628,1.0
6111629,1.0
6111630,0.0
6111631,1.0
6111632,1.0
6111633,0.0
6111634,1.0
6111635,0.0
6111636,1.0
6111637,0.0
6111638,0.0
6111639,1.0
6111640,0.0
6111641,0.0
6111642,1.0
6111643,1.0
6111644,0.0
6111645,1.0
6111646,0.0
6111647,1.0
6111648,0.0
6111649,0.0
6111650,1.0
6111651,1.0
6111652,0.0
6111653,0.0
6111654,0.0
6111655,1.0
6111656,1.0
6111657,1.0
6111658,0.0
6111659,0.0
6111660,0.0
6111661,0.0
6111662,0.0
6111663,0.0
6111664,0.0
6111665,0.0
6111666,0.0
6111667,1.0
6111668,1.0
6111669,0.0
6111670,0.0
6111671,0.0
6111672,1.0
6111673,1.0
6111674,0.0
6111675,1.0
6111676,0.0
6111677,1.0
6111678,1.0
6111679,0.0
6111680,1.0
6111681,1.0
6111682,0.0
6111683,1.0
6111684,1.0
6111685,1.0
6111686,0.0
6111687,0.0
6111688,0.0
6111689,1.0
6111690,1.0
6111691,0.0
6111692,1.0
6111693,0.0
6111694,1.0
6111695,0.0
6111696,0.0
6111697,0.0
6111698,0.0
6111699,0.0
6111700,0.0
6111701,0.0
6111702,0.0
6111703,0.0
6111704,0.0
6111705,0.0
6111706,1.0
6111707,0.0
6111708,1.0
6111709,1.0
6111710,0.0
6111711,0.0
6111712,1.0
6111713,0.0
6111714,1.0
6111715,1.0
6111716,1.0
6111717,1.0
6111718,0.0
6111719,0.0
6111720,1.0
6111721,1.0
6111722,0.0
6111723,0.0
6111724,1.0
6111725,1.0
6111726,0.0
6111727,1.0
6111728,0.0
6111729,1.0
6111730,1.0
6111731,1.0
6111732,1.0
6111733,0.0
6111734,0.0
6111735,0.0
6111736,0.0
6111737,0.0
6111738,0.0
6111739,0.0
6111740,0.0
6111741,0.0
6111742,1.0
6111743,0.0
6111744,1.0
6111745,0.0
6111746,0.0
6111747,1.0
6111748,0.0
6111749,1.0
6111750,0.0
6111751,0.0
6111752,0.0
6111753,0.0
6111754,1.0
6111755,0.0
6111756,1.0
6111757,0.0
6111758,0.0
6111759,0.0
6111760,1.0
6111761,0.0
6111762,1.0
6111763,1.0
6111764,0.0
6111765,0.0
6111766,0.0
6111767,1.0
6111768,1.0
6111769,0.0
6111770,0.0
6111771,1.0
6111772,1.0
6111773,1.0
6111774,1.0
6111775,1.0
6111776,0.0
6111777,0.0
6111778,0.0
6111779,0.0
6111780,0.0
6111781,1.0
6111782,1.0
6111783,0.0
6111784,0.0
6111785,1.0
6111786,1.0
6111787,1.0
6111788,0.0
6111789,0.0
6111790,0.0
6111791,1.0
6111792,0.0
6111793,0.0
6111794,0.0
6111795,0.0
6111796,1.0
6111797,1.0
6111798,0.0
6111799,0.0
6111800,0.0
6111801,0.0
6111802,0.0
6111803,0.0
6111804,0.0
6111805,1.0
6111806,1.0
6111807,0.0
6111808,0.0
6111809,0.0
6111810,0.0
6111811,0.0
6111812,0.0
6111813,1.0
6111814,1.0
6111815,0.0
6111816,1.0
6111817,0.0
6111818,1.0
6111819,1.0
6111820,1.0
6111821,1.0
6111822,0.0
6111823,0.0
6111824,1.0
6111825,1.0
6111826,0.0
6111827,0.0
6111828,1.0
6111829,1.0
6111830,0.0
6111831,1.0
6111832,1.0
6111833,1.0
6111834,0.0
6111835,1.0
6111836,0.0
6111837,1.0
6111838,1.0
6111839,0.0
6111840,1.0
6111841,1.0
6111842,0.0
6111843,1.0
6111844,0.0
6111845,1.0
6111846,1.0
6111847,0.0
6111848,0.0
6111849,1.0
6111850,0.0
6111851,0.0
6111852,1.0
6111853,0.0
6111854,1.0
6111855,0.0
6111856,0.0
6111857,0.0
6111858,0.0
6111859,1.0
6111860,0.0
6111861,0.0
6111862,0.0
6111863,1.0
6111864,1.0
6111865,0.0
6111866,0.0
6111867,0.0
6111868,0.0
6111869,0.0
6111870,1.0
6111871,1.0
6111872,0.0
6111873,0.0
6111874,0.0
6111875,0.0
6111876,1.0
6111877,0.0
6111878,0.0
6111879,1.0
6111880,1.0
6111881,1.0
6111882,0.0
6111883,0.0
6111884,0.0
6111885,0.0
6111886,0.0
6111887,0.0
6111888,0.0
6111889,1.0
6111890,0.0
6111891,1.0
6111892,0.0
6111893,0.0
6111894,0.0
6111895,1.0
6111896,1.0
6111897,0.0
6111898,1.0
6111899,0.0
6111900,1.0
6111901,1.0
6111902,0.0
6111903,0.0
6111904,1.0
6111905,0.0
6111906,1.0
6111907,1.0
6111908,1.0
6111909,1.0
6111910,0.0
6111911,1.0
6111912,1.0
6111913,0.0
6111914,1.0
6111915,0.0
6111916,0.0
6111917,1.0
6111918,0.0
6111919,0.0
6111920,0.0
6111921,0.0
6111922,0.0
6111923,0.0
6111924,0.0
6111925,1.0
6111926,1.0
6111927,1.0
6111928,1.0
6111929,0.0
6111930,1.0
6111931,0.0
6111932,0.0
6111933,0.0
6111934,0.0
6111935,0.0
6111936,0.0
6111937,0.0
6111938,1.0
6111939,1.0
6111940,0.0
6111941,0.0
6111942,0.0
6111943,0.0
6111944,1.0
6111945,1.0
6111946,0.0
6111947,1.0
6111948,0.0
6111949,0.0
6111950,0.0
6111951,1.0
6111952,0.0
6111953,1.0
6111954,1.0
6111955,0.0
6111956,0.0
6111957,0.0
6111958,0.0
6111959,1.0
6111960,0.0
6111961,0.0
6111962,1.0
6111963,0.0
6111964,1.0
6111965,0.0
6111966,1.0
6111967,0.0
6111968,0.0
6111969,0.0
6111970,1.0
6111971,1.0
6111972,0.0
6111973,1.0
6111974,0.0
6111975,0.0
6111976,0.0
6111977,0.0
6111978,0.0
6111979,1.0
6111980,1.0
6111981,0.0
6111982,0.0
6111983,1.0
6111984,1.0
6111985,0.0
6111986,0.0
6111987,1.0
6111988,0.0
6111989,0.0
6111990,0.0
6111991,1.0
6111992,1.0
6111993,0.0
6111994,1.0
6111995,1.0
6111996,1.0
6111997,1.0
6111998,0.0
6111999,0.0
6112000,0.0
6112001,1.0
6112002,1.0
6112003,1.0
6112004,0.0
6112005,0.0
6112006,0.0
6112007,0.0
6112008,1.0
6112009,1.0
6112010,0.0
6112011,0.0
6112012,1.0
6112013,0.0
6112014,1.0
6112015,0.0
6112016,0.0
6112017,1.0
6112018,0.0
6112019,1.0
6112020,0.0
6112021,0.0
6112022,0.0
6112023,1.0
6112024,1.0
6112025,1.0
6112026,0.0
6112027,0.0
6112028,0.0
6112029,1.0
6112030,0.0
6112031,0.0
6112032,0.0
6112033,1.0
6112034,1.0
6112035,0.0
6112036,1.0
6112037,0.0
6112038,0.0
6112039,0.0
6112040,0.0
6112041,1.0
6112042,1.0
6112043,0.0
6112044,0.0
6112045,0.0
6112046,0.0
6112047,0.0
6112048,1.0
6112049,1.0
6112050,0.0
6112051,1.0
6112052,0.0
6112053,0.0
6112054,1.0
6112055,0.0
6112056,1.0
6112057,1.0
6112058,0.0
6112059,0.0
6112060,0.0
6112061,0.0
6112062,1.0
6112063,0.0
6112064,1.0
6112065,0.0
6112066,0.0
6112067,1.0
6112068,0.0
6112069,0.0
6112070,0.0
6112071,0.0
6112072,1.0
6112073,0.0
6112074,1.0
6112075,0.0
6112076,0.0
6112077,0.0
6112078,0.0
6112079,0.0
6112080,1.0
6112081,1.0
6112082,0.0
6112083,1.0
6112084,0.0
6112085,0.0
6112086,0.0
6112087,0.0
6112088,0.0
6112089,1.0
6112090,1.0
6112091,0.0
6112092,0.0
6112093,0.0
6112094,0.0
6112095,0.0
6112096,0.0
6112097,1.0
6112098,1.0
6112099,0.0
6112100,1.0
6112101,0.0
6112102,1.0
6112103,0.0
6112104,0.0
6112105,1.0
6112106,1.0
6112107,0.0
6112108,0.0
6112109,0.0
6112110,1.0
6112111,1.0
6112112,0.0
6112113,0.0
6112114,1.0
6112115,1.0
6112116,0.0
6112117,1.0
6112118,0.0
6112119,1.0
6112120,0.0
6112121,0.0
6112122,1.0
6112123,0.0
6112124,0.0
6112125,0.0
6112126,1.0
6112127,0.0
6112128,0.0
6112129,0.0
6112130,1.0
6112131,0.0
6112132,1.0
6112133,1.0
6112134,1.0
6112135,0.0
6112136,1.0
6112137,1.0
6112138,0.0
6112139,1.0
6112140,0.0
6112141,0.0
6112142,0.0
6112143,0.0
6112144,1.0
6112145,1.0
6112146,0.0
6112147,1.0
6112148,0.0
6112149,0.0
6112150,1.0
6112151,0.0
6112152,0.0
6112153,1.0
6112154,0.0
6112155,0.0
6112156,0.0
6112157,1.0
6112158,0.0
6112159,1.0
6112160,1.0
6112161,0.0
6112162,0.0
6112163,1.0
6112164,0.0
6112165,0.0
6112166,0.0
6112167,0.0
6112168,0.0
6112169,0.0
6112170,1.0
6112171,0.0
6112172,0.0
6112173,0.0
6112174,0.0
6112175,1.0
6112176,0.0
6112177,0.0
6112178,0.0
6112179,0.0
6112180,1.0
6112181,0.0
6112182,1.0
6112183,1.0
6112184,0.0
6112185,0.0
6112186,0.0
6112187,0.0
6112188,1.0
6112189,1.0
6112190,0.0
6112191,1.0
6112192,0.0
6112193,0.0
6112194,0.0
6112195,0.0
6112196,0.0
6112197,1.0
6112198,0.0
6112199,0.0
6112200,1.0
6112201,0.0
6112202,0.0
6112203,1.0
6112204,1.0
6112205,0.0
6112206,1.0
6112207,1.0
6112208,0.0
6112209,1.0
6112210,1.0
6112211,0.0
6112212,0.0
6112213,1.0
6112214,0.0
6112215,1.0
6112216,1.0
6112217,1.0
6112218,0.0
6112219,0.0
6112220,1.0
6112221,0.0
6112222,1.0
6112223,0.0
6112224,1.0
6112225,0.0
6112226,1.0
6112227,0.0
6112228,0.0
6112229,0.0
6112230,0.0
6112231,1.0
6112232,0.0
6112233,1.0
6112234,1.0
6112235,1.0
6112236,0.0
6112237,1.0
6112238,1.0
6112239,1.0
6112240,0.0
6112241,0.0
6112242,0.0
6112243,0.0
6112244,0.0
6112245,1.0
6112246,1.0
6112247,0.0
6112248,0.0
6112249,1.0
6112250,0.0
6112251,0.0
6112252,0.0
6112253,0.0
6112254,1.0
6112255,1.0
6112256,0.0
6112257,1.0
6112258,0.0
6112259,0.0
6112260,0.0
6112261,0.0
6112262,0.0
6112263,0.0
6112264,1.0
6112265,0.0
6112266,0.0
6112267,1.0
6112268,1.0
6112269,1.0
6112270,0.0
6112271,0.0
6112272,1.0
6112273,1.0
6112274,0.0
6112275,1.0
6112276,1.0
6112277,0.0
6112278,0.0
6112279,1.0
6112280,0.0
6112281,1.0
6112282,1.0
6112283,0.0
6112284,0.0
6112285,0.0
6112286,0.0
6112287,0.0
6112288,1.0
6112289,1.0
6112290,1.0
6112291,0.0
6112292,0.0
6112293,1.0
6112294,0.0
6112295,0.0
6112296,1.0
6112297,1.0
6112298,1.0
6112299,0.0
6112300,1.0
6112301,1.0
6112302,0.0
6112303,1.0
6112304,0.0
6112305,1.0
6112306,0.0
6112307,1.0
6112308,0.0
6112309,0.0
6112310,0.0
6112311,0.0
6112312,1.0
6112313,0.0
6112314,1.0
6112315,1.0
6112316,0.0
6112317,1.0
6112318,0.0
6112319,0.0
6112320,0.0
6112321,0.0
6112322,0.0
6112323,0.0
6112324,1.0
6112325,0.0
6112326,1.0
6112327,1.0
6112328,1.0
6112329,1.0
6112330,0.0
6112331,0.0
6112332,0.0
6112333,0.0
6112334,0.0
6112335,1.0
6112336,0.0
6112337,0.0
6112338,0.0
6112339,1.0
6112340,1.0
6112341,0.0
6112342,0.0
6112343,1.0
6112344,1.0
6112345,0.0
6112346,0.0
6112347,0.0
6112348,1.0
6112349,1.0
6112350,1.0
6112351,0.0
6112352,1.0
6112353,0.0
6112354,1.0
6112355,0.0
6112356,0.0
6112357,0.0
6112358,1.0
6112359,0.0
6112360,1.0
6112361,0.0
6112362,1.0
6112363,0.0
6112364,0.0
6112365,0.0
6112366,0.0
6112367,1.0
6112368,1.0
6112369,1.0
6112370,0.0
6112371,0.0
6112372,1.0
6112373,1.0
6112374,0.0
6112375,1.0
6112376,0.0
6112377,1.0
6112378,1.0
6112379,0.0
6112380,0.0
6112381,0.0
6112382,1.0
6112383,0.0
6112384,1.0
6112385,0.0
6112386,0.0
6112387,0.0
6112388,0.0
6112389,0.0
6112390,1.0
6112391,0.0
6112392,0.0
6112393,0.0
6112394,0.0
6112395,0.0
6112396,0.0
6112397,0.0
6112398,0.0
6112399,1.0
6112400,1.0
6112401,0.0
6112402,0.0
6112403,0.0
6112404,0.0
6112405,1.0
6112406,0.0
6112407,1.0
6112408,1.0
6112409,0.0
6112410,1.0
6112411,1.0
6112412,1.0
6112413,1.0
6112414,0.0
6112415,1.0
6112416,1.0
6112417,0.0
6112418,0.0
6112419,1.0
6112420,1.0
6112421,0.0
6112422,0.0
6112423,0.0
6112424,0.0
6112425,0.0
6112426,0.0
6112427,0.0
6112428,0.0
6112429,1.0
6112430,0.0
6112431,0.0
6112432,0.0
6112433,1.0
6112434,1.0
6112435,1.0
6112436,0.0
6112437,1.0
6112438,0.0
6112439,0.0
6112440,0.0
6112441,1.0
6112442,1.0
6112443,0.0
6112444,1.0
6112445,1.0
6112446,0.0
6112447,0.0
6112448,1.0
6112449,0.0
6112450,0.0
6112451,0.0
6112452,1.0
6112453,1.0
6112454,1.0
6112455,1.0
6112456,0.0
6112457,0.0
6112458,1.0
6112459,1.0
6112460,0.0
6112461,0.0
6112462,1.0
6112463,1.0
6112464,0.0
6112465,1.0
6112466,0.0
6112467,0.0
6112468,0.0
6112469,1.0
6112470,0.0
6112471,1.0
6112472,0.0
6112473,0.0
6112474,1.0
6112475,0.0
6112476,1.0
6112477,1.0
6112478,1.0
6112479,1.0
6112480,0.0
6112481,0.0
6112482,0.0
6112483,0.0
6112484,0.0
6112485,1.0
6112486,1.0
6112487,1.0
6112488,0.0
6112489,1.0
6112490,0.0
6112491,0.0
6112492,1.0
6112493,0.0
6112494,0.0
6112495,0.0
6112496,0.0
6112497,0.0
6112498,0.0
6112499,0.0
6112500,0.0
6112501,0.0
6112502,0.0
6112503,1.0
6112504,1.0
6112505,0.0
6112506,0.0
6112507,1.0
6112508,0.0
6112509,0.0
6112510,0.0
6112511,0.0
6112512,1.0
6112513,0.0
6112514,1.0
6112515,0.0
6112516,1.0
6112517,0.0
6112518,0.0
6112519,1.0
6112520,0.0
6112521,0.0
6112522,0.0
6112523,0.0
6112524,0.0
6112525,1.0
6112526,1.0
6112527,1.0
6112528,1.0
6112529,0.0
6112530,0.0
6112531,1.0
6112532,0.0
6112533,1.0
6112534,1.0
6112535,0.0
6112536,0.0
6112537,0.0
6112538,0.0
6112539,0.0
6112540,1.0
6112541,1.0
6112542,0.0
6112543,0.0
6112544,1.0
6112545,1.0
6112546,0.0
6112547,1.0
6112548,1.0
6112549,1.0
6112550,1.0
6112551,0.0
6112552,0.0
6112553,0.0
6112554,1.0
6112555,0.0
6112556,0.0
6112557,1.0
6112558,1.0
6112559,1.0
6112560,0.0
6112561,0.0
6112562,0.0
6112563,0.0
6112564,0.0
6112565,0.0
6112566,1.0
6112567,0.0
6112568,1.0
6112569,1.0
6112570,0.0
6112571,0.0
6112572,1.0
6112573,1.0
6112574,1.0
6112575,0.0
6112576,1.0
6112577,1.0
6112578,0.0
6112579,1.0
6112580,0.0
6112581,0.0
6112582,0.0
6112583,1.0
6112584,0.0
6112585,1.0
6112586,0.0
6112587,0.0
6112588,1.0
6112589,0.0
6112590,0.0
6112591,0.0
6112592,0.0
6112593,0.0
6112594,0.0
6112595,1.0
6112596,0.0
6112597,1.0
6112598,0.0
6112599,1.0
6112600,1.0
6112601,0.0
6112602,1.0
6112603,0.0
6112604,1.0
6112605,0.0
6112606,1.0
6112607,0.0
6112608,1.0
6112609,0.0
6112610,1.0
6112611,0.0
6112612,0.0
6112613,0.0
6112614,1.0
6112615,0.0
6112616,1.0
6112617,1.0
6112618,1.0
6112619,0.0
6112620,0.0
6112621,1.0
6112622,0.0
6112623,0.0
6112624,0.0
6112625,0.0
6112626,1.0
6112627,1.0
6112628,0.0
6112629,1.0
6112630,0.0
