BookId,category1,category2,category3
1,Adventure,Animation,Children
2,Adventure,Children,Fantasy
4,Comedy,Drama,Romance
6,Action,Crime,Thriller
10,Action,Adventure,Thriller
11,Comedy,Drama,Romance
13,Adventure,Animation,Children
15,Action,Adventure,Romance
20,Action,Comedy,Crime
21,Comedy,Crime,Thriller
22,Crime,Drama,Horror
23,Action,Crime,Thriller
29,Adventure,Drama,Fantasy
32,Mystery,Sci-Fi,Thriller
42,Action,Crime,Drama
44,Action,Adventure,Fantasy
45,Comedy,Drama,Thriller
48,Animation,Children,Drama
50,Crime,Mystery,Thriller
52,Comedy,Drama,Romance
58,Comedy,Drama,Romance
60,Adventure,Children,Fantasy
66,Action,Sci-Fi,Thriller
70,Action,Comedy,Horror
76,Action,Sci-Fi,Thriller
78,Action,Crime,Drama
81,Crime,Drama,Romance
86,Action,Adventure,Drama
92,Drama,Horror,Thriller
93,Comedy,Horror,Romance
94,Comedy,Drama,Romance
95,Action,Adventure,Thriller
101,Adventure,Comedy,Crime
103,Mystery,Sci-Fi,Thriller
107,Adventure,Children,Comedy
110,Action,Drama,War
111,Crime,Drama,Thriller
112,Action,Adventure,Comedy
123,Drama,Mystery,Romance
126,Adventure,Children,Fantasy
145,Action,Comedy,Crime
149,Crime,Drama,Thriller
150,Adventure,Drama,IMAX
151,Action,Drama,Romance
153,Action,Adventure,Comedy
155,Adventure,Drama,War
159,Crime,Drama,Mystery
160,Action,Adventure,Mystery
161,Drama,Thriller,War
163,Action,Romance,Western
164,Crime,Film-Noir,Mystery
165,Action,Crime,Thriller
166,Comedy,Crime,Drama
168,Action,Drama,Romance
169,Adventure,Children,Drama
170,Action,Adventure,Crime
172,Action,Sci-Fi,Thriller
173,Action,Crime,Sci-Fi
183,Comedy,Horror,Thriller
185,Action,Crime,Thriller
188,Fantasy,Horror,Mystery
195,Comedy,Drama,Romance
198,Action,Crime,Drama
199,Drama,Musical,Romance
208,Action,Adventure,Sci-Fi
224,Comedy,Drama,Romance
232,Comedy,Drama,Romance
236,Action,Comedy,Romance
239,Animation,Children,Comedy
243,Children,Comedy,Fantasy
258,Adventure,Children,Comedy
259,Crime,Drama,Thriller
260,Action,Adventure,Sci-Fi
265,Drama,Fantasy,Romance
266,Drama,Romance,War
273,Drama,Horror,Sci-Fi
281,Comedy,Drama,Romance
288,Action,Crime,Thriller
292,Action,Drama,Sci-Fi
293,Action,Crime,Drama
296,Comedy,Crime,Drama
303,Action,Thriller,Western
314,Children,Drama,Fantasy
315,Action,Drama,Thriller
316,Action,Adventure,Sci-Fi
317,Comedy,Drama,Fantasy
319,Comedy,Drama,Thriller
327,Action,Comedy,Sci-Fi
329,Adventure,Drama,Sci-Fi
330,Action,Crime,Horror
338,Action,Sci-Fi,Thriller
340,Adventure,Drama,War
347,Drama,Film-Noir,Romance
349,Action,Crime,Drama
350,Drama,Mystery,Thriller
351,Comedy,Drama,Romance
353,Action,Crime,Fantasy
355,Children,Comedy,Fantasy
356,Comedy,Drama,Romance
361,Comedy,Drama,Romance
362,Adventure,Children,Romance
364,Adventure,Animation,Children
366,Drama,Horror,Mystery
367,Action,Comedy,Crime
368,Adventure,Comedy,Western
372,Comedy,Drama,Romance
377,Action,Romance,Thriller
379,Action,Sci-Fi,Thriller
380,Action,Adventure,Comedy
382,Drama,Horror,Romance
384,Action,Crime,Drama
389,Drama,Romance,War
390,Action,Crime,Drama
393,Action,Adventure,Fantasy
410,Children,Comedy,Fantasy
420,Action,Comedy,Crime
421,Adventure,Children,Drama
426,Horror,Sci-Fi,Thriller
427,Drama,Mystery,Romance
432,Adventure,Comedy,Western
434,Action,Adventure,Thriller
438,Action,Comedy,Drama
442,Action,Adventure,Sci-Fi
451,Drama,Mystery,Romance
455,Adventure,Children,Drama
456,Crime,Drama,Thriller
459,Action,Adventure,Crime
463,Crime,Drama,Thriller
464,Action,Adventure,Crime
465,Action,Drama,War
466,Action,Comedy,War
479,Action,Crime,Thriller
480,Action,Adventure,Sci-Fi
482,Crime,Drama,Thriller
485,Action,Adventure,Comedy
493,Action,Crime,Drama
494,Action,Adventure,Thriller
496,Comedy,Drama,Romance
502,Action,Children,Romance
504,Action,Drama,Sci-Fi
506,Drama,Fantasy,Romance
507,Crime,Drama,Thriller
513,Comedy,Mystery,Romance
517,Action,Drama,Mystery
519,Action,Crime,Drama
532,Comedy,Crime,Horror
533,Action,Adventure,Fantasy
539,Comedy,Drama,Romance
541,Action,Sci-Fi,Thriller
542,Comedy,Drama,Romance
543,Comedy,Romance,Thriller
546,Action,Adventure,Children
547,Action,Adventure,Thriller
548,Action,Mystery,Thriller
551,Animation,Children,Fantasy
552,Action,Adventure,Comedy
553,Action,Drama,Western
554,Crime,Drama,Thriller
558,Action,Adventure,Animation
577,Adventure,Children,Drama
587,Comedy,Drama,Fantasy
588,Adventure,Animation,Children
590,Adventure,Drama,Western
592,Action,Crime,Thriller
593,Crime,Horror,Thriller
594,Animation,Children,Drama
595,Animation,Children,Fantasy
596,Animation,Children,Fantasy
600,Action,Comedy,Crime
608,Comedy,Crime,Drama
610,Action,Adventure,Animation
611,Action,Horror,Sci-Fi
628,Crime,Drama,Mystery
631,Adventure,Animation,Children
647,Action,Crime,Drama
648,Action,Adventure,Mystery
653,Action,Adventure,Fantasy
659,Crime,Drama,Thriller
661,Adventure,Animation,Children
665,Comedy,Drama,War
673,Adventure,Animation,Children
674,Adventure,Comedy,Sci-Fi
680,Drama,Mystery,Romance
688,Action,Adventure,Comedy
692,Action,Sci-Fi,Thriller
694,Action,Crime,Drama
707,Crime,Drama,Thriller
709,Adventure,Animation,Children
714,Drama,Mystery,Western
718,Comedy,Fantasy,Sci-Fi
720,Adventure,Animation,Comedy
724,Drama,Fantasy,Horror
733,Action,Adventure,Thriller
736,Action,Adventure,Romance
745,Animation,Children,Comedy
748,Action,Sci-Fi,Thriller
753,Comedy,Drama,Romance
778,Comedy,Crime,Drama
780,Action,Adventure,Sci-Fi
783,Animation,Children,Drama
786,Action,Drama,Thriller
788,Comedy,Fantasy,Romance
798,Action,Adventure,Drama
799,Comedy,Horror,Thriller
800,Drama,Mystery,Western
803,Comedy,Drama,Romance
810,Children,Comedy,Fantasy
829,Comedy,Fantasy,Musical
836,Action,Adventure,Thriller
837,Children,Comedy,Fantasy
838,Comedy,Drama,Romance
849,Action,Adventure,Sci-Fi
852,Comedy,Drama,Romance
861,Action,Comedy,Crime
866,Crime,Drama,Romance
869,Crime,Drama,Musical
875,Action,Crime,Drama
876,Action,Comedy,Crime
885,Children,Drama,Fantasy
886,Action,Comedy,Crime
888,Adventure,Animation,Children
892,Comedy,Drama,Romance
897,Adventure,Drama,Romance
898,Comedy,Drama,Romance
899,Comedy,Musical,Romance
903,Drama,Mystery,Romance
907,Comedy,Musical,Romance
908,Action,Adventure,Mystery
909,Comedy,Drama,Romance
911,Comedy,Crime,Mystery
914,Comedy,Drama,Musical
916,Comedy,Drama,Romance
919,Adventure,Children,Fantasy
920,Drama,Romance,War
922,Drama,Film-Noir,Romance
924,Adventure,Drama,Sci-Fi
928,Drama,Mystery,Romance
929,Drama,Film-Noir,Mystery
930,Film-Noir,Romance,Thriller
931,Mystery,Romance,Thriller
933,Crime,Mystery,Romance
940,Action,Adventure,Romance
942,Crime,Film-Noir,Mystery
943,Drama,Fantasy,Romance
945,Comedy,Musical,Romance
946,Comedy,Drama,War
948,Drama,Romance,Western
953,Children,Drama,Fantasy
965,Drama,Mystery,Thriller
968,Horror,Sci-Fi,Thriller
969,Adventure,Comedy,Romance
970,Adventure,Comedy,Crime
990,Action,Adventure,Thriller
996,Action,Crime,Drama
1007,Children,Comedy,Western
1009,Adventure,Children,Fantasy
1011,Children,Comedy,Fantasy
1013,Children,Comedy,Romance
1014,Children,Comedy,Drama
1015,Adventure,Children,Drama
1018,Children,Comedy,Mystery
1019,Adventure,Drama,Sci-Fi
1022,Animation,Children,Fantasy
1023,Animation,Children,Musical
1024,Animation,Children,Musical
1025,Animation,Children,Fantasy
1028,Children,Comedy,Fantasy
1029,Animation,Children,Drama
1030,Adventure,Animation,Children
1031,Adventure,Children,Musical
1032,Adventure,Animation,Children
1033,Animation,Children,Drama
1034,Comedy,Crime,Drama
1036,Action,Crime,Thriller
1037,Action,Horror,Sci-Fi
1047,Action,Drama,Thriller
1053,Crime,Drama,Romance
1057,Comedy,Musical,Romance
1064,Animation,Children,Comedy
1066,Comedy,Musical,Romance
1067,Comedy,Musical,Romance
1069,Crime,Film-Noir,Thriller
1073,Children,Comedy,Fantasy
1076,Drama,Horror,Thriller
1081,Comedy,Musical,Romance
1086,Crime,Mystery,Thriller
1088,Drama,Musical,Romance
1089,Crime,Mystery,Thriller
1092,Crime,Mystery,Thriller
1094,Drama,Romance,Thriller
1097,Children,Drama,Sci-Fi
1099,Children,Drama,Fantasy
1100,Action,Drama,Romance
1112,Action,Comedy,Drama
1127,Action,Adventure,Sci-Fi
1129,Action,Adventure,Sci-Fi
1136,Adventure,Comedy,Fantasy
1148,Animation,Children,Comedy
1151,Animation,Comedy,Drama
1152,Crime,Film-Noir,Thriller
1168,Action,Adventure,Horror
1175,Comedy,Drama,Romance
1176,Drama,Fantasy,Romance
1179,Crime,Drama,Film-Noir
1183,Drama,Romance,War
1190,Crime,Drama,Romance
1196,Action,Adventure,Sci-Fi
1197,Action,Adventure,Comedy
1200,Action,Adventure,Horror
1201,Action,Adventure,Western
1204,Adventure,Drama,War
1206,Crime,Drama,Sci-Fi
1208,Action,Drama,War
1209,Action,Drama,Western
1210,Action,Adventure,Sci-Fi
1211,Drama,Fantasy,Romance
1212,Film-Noir,Mystery,Thriller
1215,Action,Adventure,Comedy
1216,Adventure,Drama,Romance
1218,Action,Crime,Drama
1220,Action,Comedy,Musical
1223,Adventure,Animation,Children
1224,Action,Drama,Romance
1232,Drama,Mystery,Sci-Fi
1233,Action,Drama,War
1235,Comedy,Drama,Romance
1236,Comedy,Drama,Romance
1240,Action,Sci-Fi,Thriller
1241,Comedy,Fantasy,Horror
1244,Comedy,Drama,Romance
1245,Crime,Drama,Film-Noir
1247,Comedy,Drama,Romance
1248,Crime,Film-Noir,Thriller
1249,Action,Crime,Romance
1250,Adventure,Drama,War
1252,Crime,Film-Noir,Mystery
1253,Drama,Sci-Fi,Thriller
1254,Action,Adventure,Drama
1255,Comedy,Horror,Sci-Fi
1256,Comedy,Musical,War
1260,Crime,Film-Noir,Thriller
1261,Action,Comedy,Fantasy
1262,Action,Adventure,Drama
1264,Action,Drama,Mystery
1265,Comedy,Fantasy,Romance
1267,Crime,Thriller,War
1269,Comedy,Mystery,Thriller
1270,Adventure,Comedy,Sci-Fi
1271,Comedy,Crime,Drama
1273,Comedy,Drama,Film-Noir
1274,Action,Adventure,Animation
1275,Action,Adventure,Fantasy
1277,Comedy,Drama,Romance
1281,Comedy,Drama,War
1282,Animation,Children,Fantasy
1284,Crime,Film-Noir,Mystery
1287,Action,Adventure,Drama
1302,Children,Drama,Fantasy
1306,Adventure,Drama,Sci-Fi
1320,Action,Horror,Sci-Fi
1321,Comedy,Horror,Thriller
1327,Drama,Horror,Mystery
1337,Drama,Horror,Thriller
1339,Fantasy,Horror,Romance
1340,Drama,Horror,Sci-Fi
1344,Crime,Drama,Thriller
1345,Drama,Fantasy,Horror
1346,Drama,Fantasy,Horror
1350,Horror,Mystery,Thriller
1351,Crime,Drama,Thriller
1353,Comedy,Drama,Romance
1356,Action,Adventure,Sci-Fi
1367,Adventure,Children,Comedy
1370,Action,Adventure,Thriller
1372,Action,Mystery,Sci-Fi
1374,Action,Adventure,Sci-Fi
1375,Action,Adventure,Sci-Fi
1376,Adventure,Comedy,Sci-Fi
1378,Action,Comedy,Western
1380,Comedy,Musical,Romance
1381,Comedy,Musical,Romance
1385,Action,Drama,Thriller
1391,Action,Comedy,Sci-Fi
1396,Action,Comedy,Crime
1405,Adventure,Animation,Comedy
1406,Crime,Drama,Mystery
1407,Comedy,Horror,Mystery
1408,Action,Romance,War
1409,Comedy,Drama,Fantasy
1411,Crime,Drama,Romance
1415,Crime,Drama,Romance
1422,Crime,Drama,Mystery
1429,Action,Adventure,Comedy
1432,Action,Comedy,Crime
1433,Horror,Sci-Fi,Thriller
1457,Comedy,Drama,Romance
1458,Drama,Fantasy,Romance
1460,Children,Comedy,Mystery
1464,Crime,Drama,Fantasy
1473,Action,Comedy,Crime
1479,Action,Romance,Sci-Fi
1484,Comedy,Drama,Mystery
1488,Action,Drama,Thriller
1489,Animation,Children,Musical
1495,Action,Adventure,Children
1499,Action,Adventure,Thriller
1500,Comedy,Crime,Romance
1515,Action,Drama,Thriller
1517,Action,Adventure,Comedy
1523,Action,Crime,Romance
1525,Action,Adventure,Children
1527,Action,Adventure,Comedy
1537,Comedy,Drama,Romance
1542,Comedy,Drama,Romance
1544,Action,Adventure,Sci-Fi
1552,Action,Adventure,Thriller
1556,Action,Romance,Thriller
1562,Action,Adventure,Fantasy
1564,Comedy,Drama,Romance
1566,Adventure,Animation,Children
1573,Action,Crime,Drama
1580,Action,Comedy,Sci-Fi
1587,Action,Adventure,Fantasy
1589,Action,Crime,Drama
1590,Horror,Sci-Fi,Thriller
1591,Action,Adventure,Sci-Fi
1595,Adventure,Children,Drama
1597,Drama,Mystery,Romance
1598,Crime,Drama,Thriller
1601,Crime,Drama,Film-Noir
1603,Horror,Sci-Fi,Thriller
1610,Action,Adventure,Thriller
1616,Action,Thriller,War
1617,Crime,Film-Noir,Mystery
1619,Adventure,Drama,War
1620,Crime,Drama,Mystery
1625,Drama,Mystery,Thriller
1626,Action,Drama,Thriller
1627,Crime,Drama,Mystery
1639,Comedy,Drama,Romance
1644,Horror,Mystery,Thriller
1645,Drama,Mystery,Thriller
1646,Children,Comedy,Romance
1647,Crime,Drama,Thriller
1653,Drama,Sci-Fi,Thriller
1654,Children,Drama,Fantasy
1655,Drama,Horror,Thriller
1661,Crime,Mystery,Thriller
1671,Crime,Drama,Thriller
1674,Drama,Romance,Thriller
1681,Action,Adventure,Fantasy
1682,Comedy,Drama,Sci-Fi
1688,Adventure,Animation,Children
1689,Comedy,Crime,Thriller
1690,Action,Horror,Sci-Fi
1702,Children,Comedy,Fantasy
1711,Crime,Drama,Mystery
1717,Comedy,Horror,Mystery
1722,Action,Adventure,Thriller
1726,Action,Adventure,Drama
1729,Crime,Drama,Thriller
1739,Action,Children,Comedy
1744,Action,Adventure,Thriller
1748,Adventure,Film-Noir,Sci-Fi
1750,Adventure,Children,Fantasy
1752,Action,Crime,Thriller
1754,Crime,Drama,Fantasy
1762,Action,Horror,Sci-Fi
1769,Action,Crime,Thriller
1772,Action,Comedy,Musical
1783,Crime,Drama,Mystery
1784,Comedy,Drama,Romance
1791,Crime,Drama,Thriller
1792,Action,Crime,Thriller
1799,Comedy,Crime,Drama
1801,Action,Adventure,Drama
1805,Crime,Drama,Mystery
1806,Adventure,Children,Comedy
1812,Children,Comedy,Drama
1831,Action,Adventure,Sci-Fi
1833,Action,Drama,Thriller
1834,Crime,Drama,Mystery
1835,Drama,Fantasy,Romance
1845,Comedy,Mystery,Thriller
1848,Adventure,Children,Comedy
1866,Action,Comedy,Crime
1873,Crime,Drama,Romance
1876,Drama,Sci-Fi,Thriller
1881,Adventure,Animation,Children
1882,Action,Sci-Fi,Thriller
1883,Comedy,Drama,Romance
1884,Adventure,Comedy,Drama
1885,Comedy,Drama,Romance
1887,Adventure,Comedy,Western
1888,Comedy,Drama,Romance
1889,Drama,Mystery,Thriller
1894,Adventure,Comedy,Romance
1895,Comedy,Drama,Romance
1907,Adventure,Animation,Children
1909,Action,Crime,Mystery
1910,Comedy,Crime,Drama
1912,Comedy,Crime,Drama
1917,Action,Romance,Sci-Fi
1918,Action,Comedy,Crime
1920,Animation,Children,Fantasy
1921,Drama,Sci-Fi,Thriller
1925,Action,Drama,Romance
1927,Action,Drama,War
1935,Drama,Musical,Romance
1937,Comedy,Drama,Musical
1944,Drama,Romance,War
1947,Drama,Musical,Romance
1948,Adventure,Comedy,Romance
1953,Action,Crime,Thriller
1967,Adventure,Fantasy,Musical
1974,Horror,Mystery,Thriller
1993,Comedy,Horror,Thriller
2000,Action,Comedy,Crime
2001,Action,Comedy,Crime
2002,Action,Comedy,Crime
2005,Action,Adventure,Children
2006,Action,Comedy,Romance
2008,Crime,Drama,Film-Noir
2009,Drama,Mystery,Sci-Fi
2011,Adventure,Comedy,Sci-Fi
2012,Adventure,Comedy,Sci-Fi
2013,Action,Adventure,Drama
2014,Children,Comedy,Fantasy
2015,Children,Comedy,Fantasy
2016,Children,Comedy,Western
2017,Children,Fantasy,Musical
2018,Animation,Children,Drama
2019,Action,Adventure,Drama
2023,Crime,Drama,Mystery
2028,Action,Drama,War
2033,Adventure,Animation,Children
2037,Adventure,Children,Comedy
2038,Children,Comedy,Sci-Fi
2041,Action,Adventure,Children
2043,Adventure,Children,Fantasy
2045,Adventure,Children,Drama
2046,Adventure,Children,Sci-Fi
2047,Adventure,Children,Fantasy
2048,Action,Animation,Children
2050,Adventure,Children,Comedy
2051,Adventure,Children,Comedy
2052,Children,Comedy,Fantasy
2053,Children,Comedy,Sci-Fi
2054,Adventure,Children,Comedy
2055,Action,Comedy,Western
2058,Action,Crime,Drama
2059,Children,Comedy,Romance
2065,Comedy,Drama,Fantasy
2067,Drama,Romance,War
2068,Drama,Fantasy,Mystery
2070,Drama,Romance,Western
2074,Crime,Drama,Romance
2076,Drama,Mystery,Thriller
2078,Animation,Children,Comedy
2079,Adventure,Children,Drama
2080,Animation,Children,Comedy
2081,Animation,Children,Comedy
2083,Children,Comedy,Musical
2085,Adventure,Animation,Children
2087,Animation,Children,Fantasy
2088,Adventure,Comedy,Musical
2089,Adventure,Animation,Children
2090,Adventure,Animation,Children
2092,Adventure,Animation,Children
2093,Adventure,Children,Fantasy
2094,Action,Adventure,Sci-Fi
2096,Animation,Children,Musical
2097,Children,Drama,Fantasy
2099,Adventure,Animation,Children
2100,Comedy,Fantasy,Romance
2102,Animation,Children,Comedy
2103,Adventure,Children,Fantasy
2105,Action,Adventure,Sci-Fi
2110,Comedy,Crime,Thriller
2115,Action,Adventure,Fantasy
2116,Adventure,Animation,Children
2123,Animation,Children,Comedy
2124,Children,Comedy,Fantasy
2125,Comedy,Drama,Romance
2126,Action,Crime,Mystery
2130,Crime,Drama,Romance
2134,Comedy,Fantasy,Sci-Fi
2135,Adventure,Children,Musical
2138,Adventure,Animation,Children
2139,Adventure,Animation,Children
2141,Adventure,Animation,Children
2142,Adventure,Animation,Children
2143,Adventure,Fantasy,Romance
2145,Comedy,Drama,Romance
2147,Adventure,Drama,Fantasy
2148,Comedy,Fantasy,Horror
2149,Comedy,Fantasy,Horror
2159,Crime,Horror,Thriller
2160,Drama,Horror,Thriller
2161,Adventure,Children,Fantasy
2162,Adventure,Children,Fantasy
2164,Action,Comedy,Drama
2166,Crime,Drama,Romance
2167,Action,Horror,Thriller
2171,Comedy,Drama,Romance
2173,Adventure,Fantasy,Sci-Fi
2176,Crime,Drama,Thriller
2181,Drama,Mystery,Romance
2182,Drama,Film-Noir,Thriller
2183,Adventure,Drama,Mystery
2186,Crime,Drama,Film-Noir
2187,Mystery,Romance,Thriller
2189,Animation,Comedy,Fantasy
2193,Action,Adventure,Fantasy
2194,Action,Crime,Drama
2203,Crime,Drama,Thriller
2206,Film-Noir,Mystery,Thriller
2208,Drama,Mystery,Thriller
2227,Crime,Drama,Thriller
2232,Horror,Mystery,Sci-Fi
2243,Comedy,Drama,Romance
2245,Comedy,Drama,Romance
2246,Action,Comedy,Romance
2248,Comedy,Drama,Romance
2262,Comedy,Drama,Romance
2263,Drama,Fantasy,Thriller
2268,Crime,Drama,Thriller
2273,Action,Comedy,Crime
2275,Action,Adventure,Sci-Fi
2278,Action,Crime,Thriller
2287,Horror,Sci-Fi,Thriller
2288,Action,Horror,Sci-Fi
2289,Comedy,Crime,Drama
2291,Drama,Fantasy,Romance
2294,Adventure,Animation,Children
2297,Adventure,Drama,Fantasy
2315,Comedy,Horror,Thriller
2316,Drama,Fantasy,Mystery
2321,Comedy,Drama,Fantasy
2322,Action,Sci-Fi,War
2324,Comedy,Drama,Romance
2327,Fantasy,Horror,Thriller
2331,Comedy,Drama,Romance
2338,Horror,Mystery,Thriller
2344,Action,Adventure,Drama
2346,Mystery,Sci-Fi,Thriller
2354,Animation,Children,Comedy
2355,Adventure,Animation,Children
2363,Drama,Horror,Sci-Fi
2364,Action,Horror,Sci-Fi
2366,Action,Adventure,Fantasy
2367,Adventure,Fantasy,Romance
2369,Comedy,Drama,Romance
2370,Action,Adventure,Drama
2371,Comedy,Crime,Mystery
2373,Action,Adventure,Fantasy
2376,Action,Adventure,Thriller
2384,Adventure,Children,Drama
2389,Crime,Horror,Thriller
2391,Crime,Drama,Thriller
2392,Children,Comedy,Drama
2393,Action,Drama,Romance
2396,Comedy,Drama,Romance
2399,Adventure,Children,Fantasy
2400,Children,Drama,Fantasy
2402,Action,Adventure,Thriller
2403,Action,Adventure,Drama
2404,Action,Adventure,Thriller
2405,Action,Adventure,Comedy
2406,Action,Adventure,Comedy
2413,Comedy,Crime,Mystery
2414,Action,Adventure,Children
2421,Action,Adventure,Drama
2422,Action,Adventure,Children
2427,Action,Drama,War
2429,Action,Adventure,Drama
2430,Adventure,Children,Drama
2436,Comedy,Drama,War
2438,Comedy,Drama,Thriller
2441,Drama,Romance,Western
2449,Adventure,Children,Comedy
2450,Adventure,Comedy,Sci-Fi
2454,Horror,Mystery,Sci-Fi
2455,Drama,Horror,Sci-Fi
2461,Comedy,Horror,Thriller
2467,Crime,Drama,Mystery
2468,Action,Comedy,Romance
2471,Action,Adventure,Comedy
2475,Action,Mystery,Thriller
2483,Adventure,Comedy,Thriller
2488,Drama,Horror,Thriller
2505,Drama,Mystery,Thriller
2506,Comedy,Drama,Romance
2519,Drama,Horror,Thriller
2521,Action,Drama,Thriller
2524,Action,Adventure,Drama
2525,Action,Horror,Sci-Fi
2527,Action,Sci-Fi,Thriller
2528,Action,Adventure,Sci-Fi
2529,Action,Drama,Sci-Fi
2535,Action,Drama,Thriller
2540,Action,Crime,Drama
2542,Comedy,Crime,Thriller
2551,Drama,Horror,Thriller
2553,Horror,Sci-Fi,Thriller
2554,Horror,Sci-Fi,Thriller
2565,Drama,Musical,Romance
2569,Comedy,Drama,Romance
2571,Action,Sci-Fi,Thriller
2579,Crime,Mystery,Thriller
2586,Comedy,Crime,Thriller
2587,Comedy,Crime,Drama
2589,Comedy,Drama,Romance
2594,Drama,Romance,Sci-Fi
2600,Action,Sci-Fi,Thriller
2613,Comedy,Horror,Sci-Fi
2617,Action,Adventure,Comedy
2625,Action,Adventure,Crime
2626,Comedy,Drama,Romance
2628,Action,Adventure,Sci-Fi
2631,Comedy,Film-Noir,Thriller
2640,Action,Adventure,Sci-Fi
2642,Action,Adventure,Sci-Fi
2643,Action,Adventure,Sci-Fi
2648,Drama,Horror,Sci-Fi
2654,Drama,Fantasy,Horror
2657,Comedy,Horror,Musical
2662,Action,Drama,Sci-Fi
2664,Horror,Sci-Fi,Thriller
2672,Drama,Sci-Fi,Thriller
2681,Comedy,Romance,Sci-Fi
2683,Action,Adventure,Comedy
2687,Adventure,Animation,Children
2688,Crime,Drama,Mystery
2697,Comedy,Drama,Romance
2700,Animation,Comedy,Musical
2701,Action,Comedy,Sci-Fi
2710,Drama,Horror,Thriller
2712,Drama,Mystery,Thriller
2716,Action,Comedy,Sci-Fi
2717,Comedy,Fantasy,Sci-Fi
2720,Action,Adventure,Children
2722,Action,Horror,Sci-Fi
2723,Action,Comedy,Fantasy
2728,Action,Drama,Romance
2730,Drama,Romance,War
2733,Adventure,Comedy,Romance
2734,Adventure,Drama,Thriller
2735,Action,Adventure,Comedy
2741,Action,Crime,Thriller
2746,Comedy,Horror,Musical
2748,Action,Adventure,Comedy
2761,Adventure,Animation,Children
2762,Drama,Horror,Mystery
2764,Crime,Drama,Romance
2793,Comedy,Horror,Romance
2794,Adventure,Comedy,Romance
2797,Comedy,Drama,Fantasy
2800,Adventure,Animation,Children
2802,Action,Drama,Romance
2803,Crime,Drama,Mystery
2810,Animation,Horror,Mystery
2819,Drama,Mystery,Romance
2826,Action,Adventure,Fantasy
2827,Horror,Sci-Fi,Thriller
2835,Action,Adventure,Comedy
2841,Horror,Mystery,Thriller
2846,Adventure,Children,Comedy
2847,Adventure,Drama,Romance
2851,Adventure,Sci-Fi,Thriller
2857,Adventure,Animation,Comedy
2863,Adventure,Comedy,Musical
2867,Comedy,Horror,Thriller
2871,Adventure,Drama,Thriller
2874,Comedy,Musical,Romance
2875,Drama,Mystery,Romance
2876,Animation,Children,Fantasy
2879,Action,Adventure,Comedy
2880,Action,Adventure,Comedy
2881,Action,Crime,Drama
2890,Action,Adventure,Comedy
2893,Action,Adventure,Drama
2899,Adventure,Animation,Children
2902,Horror,Mystery,Thriller
2905,Action,Adventure,Drama
2912,Crime,Drama,Thriller
2916,Action,Adventure,Sci-Fi
2919,Drama,Romance,War
2922,Crime,Drama,Western
2936,Adventure,Comedy,Romance
2940,Drama,Film-Noir,Mystery
2941,Musical,Romance,War
2944,Action,Drama,War
2947,Action,Adventure,Thriller
2948,Action,Adventure,Thriller
2949,Action,Adventure,Thriller
2950,Adventure,Drama,Romance
2952,Crime,Drama,Thriller
2956,Action,Crime,Thriller
2959,Action,Crime,Drama
2968,Adventure,Comedy,Fantasy
2971,Drama,Fantasy,Musical
2973,Comedy,Crime,Drama
2985,Action,Crime,Drama
2986,Action,Crime,Sci-Fi
2987,Adventure,Animation,Children
2989,Action,Adventure,Thriller
2990,Action,Adventure,Thriller
2991,Action,Adventure,Thriller
2993,Action,Adventure,Thriller
2997,Comedy,Drama,Fantasy
3000,Action,Adventure,Animation
3003,Comedy,Drama,Romance
3018,Comedy,Horror,Sci-Fi
3032,Action,Drama,Sci-Fi
3034,Adventure,Animation,Children
3035,Comedy,Drama,War
3044,Mystery,Romance,Thriller
3052,Adventure,Comedy,Fantasy
3054,Adventure,Animation,Children
3060,Comedy,Drama,Musical
3062,Action,Drama,War
3066,Action,Drama,War
3070,Adventure,Comedy,Sci-Fi
3079,Comedy,Drama,Romance
3081,Fantasy,Horror,Mystery
3082,Action,Adventure,Thriller
3086,Children,Comedy,Fantasy
3087,Comedy,Fantasy,Romance
3097,Comedy,Drama,Romance
3099,Comedy,Drama,Romance
3102,Crime,Romance,Thriller
3104,Action,Comedy,Crime
3108,Comedy,Drama,Fantasy
3113,Action,Fantasy,Horror
3114,Adventure,Animation,Children
3117,Drama,Romance,War
3122,Drama,Romance,Western
3130,Comedy,Crime,Drama
3153,Action,Adventure,Fantasy
3156,Drama,Romance,Sci-Fi
3157,Children,Comedy,Fantasy
3159,Animation,Children,Musical
3163,Comedy,Drama,Musical
3169,Crime,Drama,Thriller
3175,Adventure,Comedy,Sci-Fi
3176,Drama,Mystery,Thriller
3190,Adventure,Sci-Fi,Thriller
3197,Action,Crime,Romance
3199,Comedy,Drama,Musical
3204,Action,Mystery,Thriller
3210,Comedy,Drama,Romance
3216,Fantasy,Horror,Thriller
3256,Action,Crime,Drama
3257,Drama,Romance,Thriller
3259,Adventure,Drama,Romance
3261,Comedy,Drama,Romance
3262,Crime,Drama,Mystery
3264,Action,Comedy,Horror
3265,Action,Crime,Drama
3266,Comedy,Crime,Drama
3267,Action,Crime,Thriller
3269,Drama,Romance,Sci-Fi
3270,Comedy,Drama,Romance
3273,Comedy,Horror,Mystery
3275,Action,Crime,Drama
3284,Comedy,Mystery,Romance
3298,Crime,Drama,Thriller
3300,Horror,Sci-Fi,Thriller
3307,Comedy,Drama,Romance
3320,Comedy,Drama,Romance
3334,Crime,Drama,Film-Noir
3343,Comedy,Drama,Romance
3355,Fantasy,Horror,Mystery
3358,Comedy,Drama,Fantasy
3361,Comedy,Drama,Romance
3386,Drama,Mystery,Thriller
3390,Adventure,Crime,Drama
3393,Comedy,Fantasy,Romance
3396,Adventure,Children,Comedy
3398,Children,Comedy,Musical
3400,Adventure,Animation,Children
3402,Comedy,Drama,Romance
3406,Action,Adventure,Drama
3412,Adventure,Children,Drama
3414,Drama,Romance,War
3418,Adventure,Crime,Drama
3430,Action,Crime,Drama
3435,Crime,Drama,Film-Noir
3438,Action,Children,Comedy
3439,Action,Children,Fantasy
3440,Action,Adventure,Children
3441,Action,Drama,War
3442,Action,Crime,Drama
3448,Comedy,Drama,War
3452,Action,Crime,Romance
3461,Adventure,Drama,Thriller
3462,Comedy,Drama,Romance
3471,Adventure,Drama,Sci-Fi
3479,Adventure,Fantasy,Romance
3481,Comedy,Drama,Romance
3489,Adventure,Comedy,Fantasy
3492,Adventure,Comedy,Romance
3494,Adventure,Drama,Western
3499,Drama,Horror,Thriller
3503,Drama,Mystery,Sci-Fi
3505,Drama,Mystery,Thriller
3508,Action,Adventure,Drama
3516,Comedy,Fantasy,Romance
3519,Action,Drama,War
3527,Action,Sci-Fi,Thriller
3531,Comedy,Drama,Romance
3535,Crime,Horror,Mystery
3536,Comedy,Drama,Romance
3540,Drama,Mystery,Romance
3546,Drama,Horror,Thriller
3549,Comedy,Musical,Romance
3551,Crime,Drama,Thriller
3555,Action,Thriller,War
3559,Comedy,Drama,Romance
3560,Crime,Drama,Romance
3567,Comedy,Drama,Romance
3576,Action,Horror,Sci-Fi
3578,Action,Adventure,Drama
3584,Action,Drama,Romance
3598,Crime,Drama,Romance
3602,Comedy,Musical,Romance
3605,Crime,Drama,Musical
3606,Comedy,Musical,Romance
3611,Animation,Children,Comedy
3612,Adventure,Children,Fantasy
3615,Adventure,Animation,Children
3623,Action,Adventure,Thriller
3624,Action,Adventure,Comedy
3628,Action,Drama,Romance
3629,Adventure,Comedy,Romance
3633,Action,Adventure,Romance
3635,Action,Adventure,Thriller
3638,Action,Adventure,Sci-Fi
3639,Action,Adventure,Thriller
3643,Action,Drama,War
3654,Action,Adventure,Drama
3656,Crime,Film-Noir,Mystery
3660,Horror,Sci-Fi,Thriller
3661,Horror,Sci-Fi,Thriller
3662,Horror,Sci-Fi,Thriller
3663,Horror,Sci-Fi,Thriller
3664,Horror,Sci-Fi,Thriller
3665,Horror,Sci-Fi,Thriller
3674,Adventure,Children,Comedy
3675,Comedy,Musical,Romance
3681,Action,Drama,Thriller
3682,Action,Crime,Drama
3683,Crime,Drama,Film-Noir
3685,Comedy,Drama,Romance
3686,Horror,Sci-Fi,Thriller
3687,Adventure,Animation,Fantasy
3696,Comedy,Horror,Sci-Fi
3697,Action,Sci-Fi,Thriller
3699,Adventure,Drama,Romance
3701,Crime,Drama,Sci-Fi
3702,Action,Adventure,Sci-Fi
3703,Action,Adventure,Sci-Fi
3704,Action,Adventure,Sci-Fi
3705,Action,Comedy,Romance
3706,Film-Noir,Horror,Mystery
3710,Action,Comedy,Crime
3716,Action,Comedy,Crime
3721,Comedy,Crime,Mystery
3728,Crime,Drama,Film-Noir
3729,Action,Crime,Drama
3740,Action,Adventure,Comedy
3741,Crime,Drama,Thriller
3744,Action,Crime,Thriller
3745,Action,Adventure,Animation
3751,Animation,Children,Comedy
3753,Action,Drama,War
3754,Adventure,Animation,Children
3758,Drama,Sci-Fi,Thriller
3759,Animation,Children,Musical
3761,Action,Crime,Drama
3763,Action,Crime,Thriller
3764,Action,Crime,Thriller
3765,Crime,Drama,Romance
3770,Horror,Sci-Fi,Thriller
3771,Action,Adventure,Fantasy
3774,Comedy,Drama,Romance
3775,Animation,Children,Musical
3792,Drama,Romance,Western
3793,Action,Adventure,Sci-Fi
3798,Drama,Horror,Mystery
3800,Crime,Drama,Romance
3805,Action,Adventure,Drama
3825,Comedy,Drama,Romance
3826,Horror,Sci-Fi,Thriller
3827,Action,Adventure,Comedy
3834,Adventure,Drama,Romance
3836,Action,Comedy,War
3837,Action,Fantasy,Horror
3849,Horror,Mystery,Thriller
3854,Drama,Romance,War
3860,Comedy,Crime,Drama
3863,Drama,Horror,Thriller
3864,Action,Adventure,Sci-Fi
3868,Action,Comedy,Crime
3877,Action,Adventure,Fantasy
3885,Comedy,Drama,Romance
3889,Action,Adventure,Fantasy
3893,Comedy,Crime,Drama
3920,Drama,Fantasy,Mystery
3930,Adventure,Horror,Sci-Fi
3936,Horror,Musical,Thriller
3945,Adventure,Animation,Children
3946,Action,Drama,Thriller
3947,Action,Crime,Drama
3956,Drama,Horror,Thriller
3959,Action,Adventure,Sci-Fi
3973,Crime,Horror,Mystery
3981,Action,Sci-Fi,Thriller
3984,Action,Adventure,Thriller
3986,Action,Sci-Fi,Thriller
3988,Children,Comedy,Fantasy
3990,Animation,Children,Comedy
3992,Drama,Romance,War
3996,Action,Drama,Romance
3997,Action,Adventure,Comedy
4005,Action,Adventure,Thriller
4006,Adventure,Animation,Children
4011,Comedy,Crime,Thriller
4016,Adventure,Animation,Children
4023,Comedy,Drama,Romance
4026,Action,Comedy,Crime
4027,Adventure,Comedy,Crime
4031,Drama,Romance,Western
4033,Drama,Thriller,War
4034,Crime,Drama,Thriller
4037,Crime,Film-Noir,Mystery
4042,Action,Drama,War
4052,Crime,Drama,Thriller
4056,Crime,Drama,Mystery
4062,Comedy,Drama,Romance
4063,Comedy,Drama,Romance
4082,Comedy,Drama,Romance
4084,Action,Comedy,Crime
4085,Action,Comedy,Crime
4086,Action,Crime,Mystery
4088,Drama,Romance,Thriller
4103,Action,Adventure,Drama
4105,Fantasy,Horror,Thriller
4106,Action,Crime,Drama
4121,Action,Adventure,Comedy
4128,Comedy,Horror,Thriller
4131,Comedy,Romance,Sci-Fi
4133,Action,Adventure,Fantasy
4135,Adventure,Comedy,Horror
4142,Action,Adventure,Drama
4146,Drama,Mystery,Romance
4151,Comedy,Drama,Romance
4153,Comedy,Fantasy,Romance
4158,Animation,Comedy,Fantasy
4177,Crime,Mystery,Thriller
4184,Comedy,Drama,Romance
4186,Comedy,Drama,Romance
4191,Comedy,Drama,Romance
4194,Drama,Romance,War
4203,Action,Crime,Drama
4205,Comedy,Drama,Romance
4207,Action,Adventure,War
4210,Action,Crime,Drama
4213,Horror,Sci-Fi,Thriller
4228,Comedy,Crime,Romance
4232,Action,Adventure,Children
4238,Action,Crime,Mystery
4246,Comedy,Drama,Romance
4247,Adventure,Comedy,Mystery
4262,Action,Crime,Drama
4270,Action,Adventure,Comedy
4275,Action,Adventure,Fantasy
4280,Comedy,Drama,Romance
4290,Comedy,Drama,Musical
4294,Children,Fantasy,Musical
4298,Crime,Film-Noir,Thriller
4299,Action,Comedy,Romance
4306,Adventure,Animation,Children
4308,Drama,Musical,Romance
4310,Action,Drama,Romance
4326,Crime,Drama,Thriller
4332,Crime,Drama,Thriller
4337,Drama,Romance,War
4339,Action,Adventure,Drama
4344,Action,Crime,Drama
4351,Action,Crime,Thriller
4356,Comedy,Musical,Romance
4357,Comedy,Drama,Romance
4366,Adventure,Animation,Children
4369,Action,Crime,Thriller
4370,Adventure,Drama,Sci-Fi
4383,Crime,Drama,Mystery
4390,Crime,Drama,Thriller
4392,Comedy,Drama,Fantasy
4401,Action,Comedy,Romance
4404,Drama,Fantasy,Horror
4406,Crime,Drama,Western
4407,Drama,Thriller,War
4409,Comedy,Drama,Mystery
4410,Comedy,Crime,Drama
4428,Comedy,Drama,Romance
4438,Action,Drama,Romance
4442,Action,Comedy,Drama
4443,Action,Sci-Fi,Thriller
4445,Adventure,Documentary,IMAX
4446,Adventure,Animation,Fantasy
4450,Crime,Drama,Thriller
4451,Comedy,Drama,Romance
4454,Animation,Drama,Sci-Fi
4464,Comedy,Drama,Romance
4466,Action,Crime,Drama
4467,Adventure,Comedy,Fantasy
4474,Comedy,Drama,Musical
4477,Adventure,Children,Comedy
4488,Action,Crime,Drama
4493,Comedy,Horror,Sci-Fi
4496,Film-Noir,Mystery,Thriller
4498,Action,Crime,Thriller
4506,Crime,Mystery,Thriller
4519,Adventure,Animation,Children
4522,Mystery,Romance,Thriller
4523,Comedy,Drama,Fantasy
4526,Comedy,Romance,Sci-Fi
4528,Action,Thriller,War
4533,Comedy,Horror,Sci-Fi
4534,Adventure,Drama,Western
4535,Drama,Romance,Western
4552,Action,Horror,Sci-Fi
4553,Action,Sci-Fi,Thriller
4555,Comedy,Drama,Romance
4564,Drama,Fantasy,Romance
4571,Adventure,Comedy,Sci-Fi
4572,Action,Crime,Drama
4584,Comedy,Drama,Romance
4587,Comedy,Musical,Sci-Fi
4589,Drama,Musical,Mystery
4591,Adventure,Comedy,Fantasy
4602,Comedy,Crime,Romance
4610,Comedy,Crime,Mystery
4618,Horror,Sci-Fi,Thriller
4624,Animation,Comedy,Musical
4625,Drama,Sci-Fi,Thriller
4626,Drama,Romance,Sci-Fi
4629,Action,Crime,Thriller
4638,Action,Adventure,Sci-Fi
4640,Action,Crime,Thriller
4642,Comedy,Drama,Musical
4643,Action,Adventure,Drama
4644,Comedy,Drama,Romance
4645,Crime,Horror,Thriller
4652,Comedy,Horror,Sci-Fi
4658,Drama,Horror,Mystery
4661,Crime,Drama,Thriller
4673,Action,Comedy,Crime
4680,Comedy,Fantasy,Horror
4699,Drama,Romance,Thriller
4700,Children,Comedy,Romance
4709,Comedy,Musical,Western
4719,Action,Animation,Comedy
4720,Drama,Horror,Mystery
4721,Action,Comedy,Western
4727,Drama,Romance,War
4735,Horror,Sci-Fi,Thriller
4736,Comedy,Drama,Romance
4741,Comedy,Drama,Romance
4748,Action,Children,Comedy
4749,Action,Children,Comedy
4754,Drama,Horror,Mystery
4756,Action,Adventure,Drama
4757,Comedy,Drama,Musical
4766,Crime,Drama,Romance
4768,Crime,Mystery,Thriller
4775,Drama,Musical,Romance
4776,Crime,Drama,Thriller
4789,Comedy,Fantasy,Horror
4795,Adventure,Comedy,Romance
4799,Action,Adventure,Comedy
4800,Action,Adventure,Drama
4802,Action,Comedy,Romance
4818,Action,Adventure,Comedy
4826,Action,Adventure,Drama
4833,Horror,Mystery,Thriller
4837,Crime,Drama,Thriller
4844,Comedy,Crime,Romance
4848,Crime,Drama,Film-Noir
4855,Action,Crime,Thriller
4865,Crime,Horror,Mystery
4873,Animation,Drama,Fantasy
4874,Drama,Fantasy,Mystery
4878,Drama,Mystery,Sci-Fi
4886,Adventure,Animation,Children
4887,Action,Sci-Fi,Thriller
4890,Comedy,Fantasy,Romance
4896,Adventure,Children,Fantasy
4898,Comedy,Crime,Mystery
4899,Adventure,Comedy,Fantasy
4901,Action,Crime,Drama
4902,Drama,Fantasy,Horror
4911,Adventure,Comedy,Fantasy
4912,Drama,Musical,Romance
4914,Crime,Drama,Romance
4915,Action,Adventure,Fantasy
4927,Fantasy,Mystery,Thriller
4930,Action,Drama,Thriller
4941,Action,Adventure,Sci-Fi
4951,Adventure,Drama,Thriller
4956,Action,Adventure,Comedy
4958,Action,Drama,War
4964,Adventure,Drama,Romance
4965,Action,Drama,Thriller
4975,Mystery,Romance,Sci-Fi
4978,Drama,Mystery,Thriller
4980,Adventure,Comedy,Fantasy
4984,Comedy,Drama,Fantasy
4987,Action,Adventure,Sci-Fi
4990,Adventure,Animation,Children
4994,Comedy,Drama,Romance
4996,Comedy,Drama,Fantasy
4998,Adventure,Crime,Drama
5001,Action,Drama,War
5008,Drama,Mystery,Thriller
5010,Action,Drama,War
5012,Drama,Musical,Romance
5013,Comedy,Drama,Mystery
5018,Adventure,Comedy,Crime
5021,Comedy,Crime,Mystery
5026,Action,Mystery,Thriller
5027,Action,Comedy,Crime
5038,Adventure,Animation,Children
5039,Action,Adventure,Fantasy
5040,Action,Adventure,Fantasy
5046,Action,Drama,Sci-Fi
5048,Adventure,Children,Comedy
5049,Action,Comedy,Crime
5051,Comedy,Drama,Romance
5060,Comedy,Drama,War
5062,Mystery,Sci-Fi,Thriller
5064,Action,Adventure,Drama
5065,Drama,Fantasy,Horror
5069,Action,Adventure,Animation
5076,Adventure,Children,Comedy
5079,Drama,Musical,Romance
5087,Comedy,Drama,Romance
5088,Comedy,Crime,Drama
5103,Children,Comedy,Drama
5105,Drama,Horror,Thriller
5106,Comedy,Musical,Romance
5108,Crime,Drama,Thriller
5109,Adventure,Animation,Children
5110,Comedy,Crime,Mystery
5120,Comedy,Mystery,Thriller
5127,Drama,Fantasy,Mystery
5146,Animation,Fantasy,Horror
5152,Action,Drama,War
5153,Drama,Horror,Thriller
5159,Animation,Children,Comedy
5168,Comedy,Musical,Romance
5170,Action,Comedy,Crime
5171,Action,Adventure,Sci-Fi
5172,Comedy,Drama,Romance
5218,Adventure,Animation,Children
5219,Action,Horror,Sci-Fi
5254,Action,Horror,Thriller
5264,Action,Adventure,Sci-Fi
5265,Comedy,Crime,Drama
5271,Comedy,Drama,Romance
5276,Drama,Romance,Thriller
5291,Crime,Drama,Mystery
5294,Crime,Drama,Thriller
5300,Action,Adventure,Drama
5301,Action,Adventure,Western
5305,Comedy,Horror,Sci-Fi
5313,Action,Adventure,Fantasy
5323,Horror,Sci-Fi,Thriller
5329,Crime,Drama,Thriller
5342,Horror,Mystery,Thriller
5349,Action,Adventure,Sci-Fi
5373,Drama,Romance,War
5375,Comedy,Musical,Western
5377,Comedy,Drama,Romance
5378,Action,Adventure,Sci-Fi
5380,Comedy,Drama,Romance
5383,Crime,Horror,Mystery
5388,Action,Crime,Drama
5389,Adventure,Animation,Children
5414,Action,Comedy,Crime
5416,Comedy,Drama,Thriller
5418,Action,Mystery,Thriller
5419,Adventure,Children,Comedy
5420,Action,Drama,War
5433,Adventure,Drama,Horror
5434,Drama,Film-Noir,Thriller
5444,Adventure,Animation,Children
5445,Action,Crime,Mystery
5448,Adventure,Animation,Children
5450,Comedy,Drama,Romance
5452,Children,Comedy,Romance
5458,Children,Comedy,Fantasy
5459,Action,Comedy,Sci-Fi
5460,Action,Animation,Children
5463,Action,Adventure,Fantasy
5466,Comedy,Drama,Romance
5475,Drama,Mystery,Thriller
5478,Action,Comedy,Horror
5479,Action,Adventure,Drama
5502,Horror,Sci-Fi,Thriller
5503,Comedy,Drama,Romance
5506,Crime,Drama,Mystery
5507,Action,Crime,Thriller
5508,Comedy,Drama,Musical
5516,Crime,Drama,Thriller
5521,Action,Crime,Drama
5522,Action,Drama,Sci-Fi
5523,Action,Adventure,Comedy
5524,Adventure,Drama,Romance
5525,Comedy,Drama,Romance
5530,Comedy,Drama,Fantasy
5538,Animation,Children,Fantasy
5540,Action,Adventure,Fantasy
5541,Action,Comedy,Romance
5553,Comedy,Crime,Romance
5556,Crime,Horror,Thriller
5569,Crime,Horror,Thriller
5570,Drama,Horror,Thriller
5613,Comedy,Crime,Musical
5617,Comedy,Drama,Romance
5618,Adventure,Animation,Fantasy
5622,Comedy,Drama,Romance
5628,Action,Comedy,Crime
5629,Animation,Children,Musical
5630,Crime,Mystery,Thriller
5638,Action,Adventure,Fantasy
5651,Animation,Comedy,War
5662,Comedy,Romance,Thriller
5666,Comedy,Drama,Romance
5672,Adventure,Animation,Children
5673,Comedy,Drama,Romance
5678,Action,Comedy,Crime
5679,Horror,Mystery,Thriller
5686,Drama,Fantasy,War
5690,Animation,Drama,War
5693,Comedy,Drama,Romance
5694,Comedy,Drama,Musical
5700,Action,Adventure,Fantasy
5705,Fantasy,Musical,Romance
5746,Action,Horror,Mystery
5765,Animation,Children,Comedy
5778,Horror,Mystery,Thriller
5782,Action,Drama,Thriller
5785,Action,Comedy,Documentary
5796,Action,Adventure,Comedy
5799,Drama,Romance,War
5803,Action,Adventure,Comedy
5815,Action,Crime,Thriller
5825,Drama,Romance,War
5829,Comedy,Drama,Romance
5853,Horror,Sci-Fi,Thriller
5854,Crime,Drama,Romance
5859,Drama,Thriller,War
5867,Crime,Drama,Thriller
5868,Documentary,Drama,Musical
5872,Action,Adventure,Thriller
5876,Drama,Thriller,War
5879,Animation,Comedy,Musical
5880,Action,Adventure,Crime
5881,Drama,Romance,Sci-Fi
5882,Adventure,Animation,Children
5893,Crime,Drama,Thriller
5899,Action,Drama,War
5902,Comedy,Drama,Romance
5903,Action,Sci-Fi,Thriller
5909,Comedy,Drama,Horror
5915,Action,Drama,War
5926,Comedy,Drama,Romance
5927,Comedy,Drama,Musical
5938,Comedy,Crime,Mystery
5941,Comedy,Drama,Musical
5944,Action,Drama,Sci-Fi
5958,Animation,Children,Comedy
5959,Crime,Drama,Thriller
5968,Comedy,Crime,Drama
5969,Comedy,Drama,Romance
5970,Comedy,Drama,Romance
5971,Animation,Children,Drama
5980,Horror,Mystery,Thriller
5985,Action,Drama,Romance
5991,Comedy,Crime,Drama
6003,Comedy,Crime,Drama
6016,Action,Adventure,Crime
6021,Crime,Drama,Mystery
6035,Crime,Drama,Romance
6037,Comedy,Drama,Romance
6047,Drama,Film-Noir,Mystery
6051,Action,Crime,Drama
6056,Comedy,Crime,Drama
6057,Action,Crime,Drama
6077,Crime,Drama,Mystery
6078,Action,Sci-Fi,Thriller
6093,Animation,Children,Fantasy
6101,Drama,Mystery,Thriller
6116,Adventure,Comedy,Musical
6125,Comedy,Documentary,Musical
6132,Crime,Horror,Mystery
6140,Horror,Mystery,Thriller
6148,Drama,Horror,Thriller
6156,Action,Adventure,Comedy
6170,Adventure,Children,Drama
6183,Comedy,Musical,Romance
6185,Action,Crime,Drama
6186,Action,Drama,War
6187,Crime,Drama,Thriller
6213,Action,Drama,Thriller
6214,Crime,Drama,Mystery
6218,Comedy,Drama,Romance
6219,Action,Drama,Thriller
6223,Comedy,Crime,Drama
6228,Comedy,Romance,Thriller
6232,Adventure,Children,Drama
6238,Comedy,Drama,Romance
6239,Adventure,Children,Sci-Fi
6240,Action,Crime,Drama
6242,Horror,Mystery,Thriller
6245,Comedy,Drama,Musical
6250,Drama,Horror,Sci-Fi
6256,Horror,Mystery,Thriller
6263,Drama,Thriller,War
6264,Action,Drama,Sci-Fi
6266,Comedy,Drama,Romance
6268,Comedy,Drama,Romance
6271,Comedy,Drama,Romance
6273,Drama,Film-Noir,Mystery
6276,Action,Adventure,Drama
6283,Action,Animation,Sci-Fi
6286,Comedy,Crime,Drama
6294,Action,Adventure,Sci-Fi
6297,Adventure,Children,Comedy
6300,Action,Comedy,Crime
6308,Comedy,Crime,Romance
6316,Adventure,Children,Comedy
6323,Crime,Horror,Mystery
6332,Children,Comedy,Romance
6333,Action,Adventure,Sci-Fi
6335,Crime,Drama,Thriller
6337,Crime,Drama,Thriller
6342,Comedy,Drama,Romance
6344,Comedy,Drama,Romance
6345,Comedy,Drama,Musical
6350,Action,Adventure,Animation
6357,Comedy,Musical,Romance
6358,Comedy,Musical,Romance
6365,Action,Adventure,Sci-Fi
6370,Comedy,Drama,Romance
6373,Comedy,Drama,Fantasy
6377,Adventure,Animation,Children
6383,Action,Crime,Thriller
6384,Crime,Drama,Romance
6387,Action,Comedy,Crime
6395,Action,Drama,Horror
6414,Animation,Children,Musical
6422,Drama,War,Western
6424,Comedy,Crime,Mystery
6428,Comedy,War,Western
6446,Action,Adventure,Drama
6448,Action,Adventure,Drama
6458,Adventure,Drama,War
6468,Crime,Drama,Romance
6484,Action,Crime,Drama
6493,Comedy,Drama,Romance
6502,Action,Horror,Sci-Fi
6503,Action,Adventure,Comedy
6513,Comedy,Drama,Romance
6530,Drama,Horror,Mystery
6531,Crime,Drama,Mystery
6534,Action,Adventure,Sci-Fi
6536,Adventure,Animation,Children
6537,Action,Adventure,Sci-Fi
6538,Drama,Mystery,Thriller
6539,Action,Adventure,Comedy
6541,Action,Fantasy,Sci-Fi
6548,Action,Comedy,Crime
6550,Action,Comedy,Thriller
6552,Crime,Drama,Thriller
6564,Action,Adventure,Comedy
6566,Action,Adventure,Children
6582,Action,Comedy,Crime
6584,Adventure,Comedy,Crime
6585,Action,Crime,Drama
6587,Comedy,Crime,Romance
6593,Children,Comedy,Fantasy
6596,Comedy,Drama,Romance
6603,Crime,Drama,Film-Noir
6615,Action,Horror,Thriller
6624,Action,Adventure,Children
6629,Crime,Horror,Mystery
6645,Action,Adventure,Drama
6659,Comedy,Horror,Sci-Fi
6666,Comedy,Drama,Fantasy
6686,Action,Comedy,Crime
6690,Comedy,Fantasy,Mystery
6703,Horror,Mystery,Thriller
6708,Comedy,Crime,Drama
6709,Action,Adventure,Crime
6710,Comedy,Drama,Romance
6711,Comedy,Drama,Romance
6713,Animation,Drama,Romance
6721,Action,Adventure,Drama
6724,Comedy,Crime,Drama
6730,Action,Comedy,Drama
6731,Horror,Sci-Fi,Thriller
6732,Comedy,Musical,Romance
6739,Comedy,Musical,Romance
6753,Children,Comedy,Drama
6754,Action,Fantasy,Horror
6757,Crime,Drama,Mystery
6764,Action,Adventure,Comedy
6765,Comedy,Drama,Romance
6773,Animation,Comedy,Fantasy
6774,Fantasy,Horror,Sci-Fi
6776,Comedy,Drama,Musical
6779,Comedy,Drama,Romance
6785,Comedy,Musical,Romance
6788,Comedy,Drama,Romance
6790,Drama,Fantasy,Sci-Fi
6793,Children,Comedy,Drama
6798,Children,Comedy,Crime
6803,Horror,Mystery,Thriller
6806,Action,Crime,Thriller
6808,Action,Adventure,War
6812,Action,Comedy,Thriller
6820,Drama,Horror,Thriller
6830,Film-Noir,Horror,Thriller
6835,Action,Horror,Sci-Fi
6857,Action,Adventure,Animation
6862,Crime,Drama,Thriller
6868,Crime,Drama,Mystery
6870,Crime,Drama,Mystery
6874,Action,Crime,Thriller
6875,Comedy,Drama,Romance
6884,Crime,Drama,Thriller
6885,Crime,Drama,Mystery
6889,Adventure,Animation,Children
6892,Comedy,Drama,Musical
6893,Action,Comedy,Crime
6902,Adventure,Comedy,Drama
6927,Drama,Romance,Thriller
6934,Action,Adventure,Sci-Fi
6936,Children,Comedy,Fantasy
6942,Comedy,Drama,Romance
6947,Adventure,Drama,War
6950,Adventure,Thriller,Western
6953,Crime,Drama,Mystery
6954,Comedy,Crime,Drama
6958,Children,Comedy,Fantasy
6959,Action,Adventure,Sci-Fi
6964,Crime,Drama,Thriller
6966,Action,Crime,Fantasy
6975,Drama,Horror,Thriller
6977,Action,Crime,Drama
6979,Drama,Sci-Fi,Thriller
6986,Adventure,Drama,Romance
6987,Crime,Fantasy,Horror
6989,Crime,Drama,Thriller
6990,Action,Adventure,Comedy
6991,Adventure,Drama,Romance
6993,Comedy,Drama,Romance
6995,Action,Comedy,Fantasy
7000,Action,Adventure,Comedy
7001,Horror,Mystery,Sci-Fi
7003,Comedy,Drama,Mystery
7004,Action,Comedy,Crime
7007,Action,Comedy,Crime
7011,Comedy,Crime,Drama
7013,Drama,Film-Noir,Thriller
7018,Crime,Drama,Thriller
7020,Comedy,Drama,Romance
7022,Action,Drama,Horror
7023,Comedy,Drama,Romance
7040,Action,Crime,Drama
7044,Crime,Drama,Mystery
7046,Comedy,Fantasy,Horror
7048,Action,Adventure,Comedy
7050,Comedy,Musical,Romance
7055,Comedy,Musical,Romance
7056,Action,Crime,Drama
7067,Comedy,Drama,Fantasy
7068,Drama,Mystery,Romance
7070,Action,Adventure,Western
7072,Action,Drama,Romance
7073,Comedy,Crime,Mystery
7075,Adventure,Comedy,Musical
7076,Action,Crime,Drama
7080,Drama,Musical,Romance
7090,Action,Adventure,Drama
7099,Adventure,Animation,Drama
7102,Comedy,Crime,Drama
7108,Action,Crime,Drama
7115,Horror,Mystery,Thriller
7116,Horror,Mystery,Thriller
7122,Comedy,Drama,War
7123,Drama,Fantasy,Mystery
7126,Comedy,Crime,Drama
7132,Comedy,Musical,Romance
7135,Crime,Drama,Romance
7136,Comedy,Drama,Romance
7137,Comedy,Drama,Romance
7143,Action,Adventure,Drama
7147,Drama,Fantasy,Romance
7149,Comedy,Drama,Romance
7153,Action,Adventure,Drama
7162,Drama,Romance,War
7163,Action,Sci-Fi,Thriller
7164,Action,Adventure,Children
7180,Crime,Drama,Thriller
7195,Crime,Drama,Film-Noir
7198,Comedy,Crime,Drama
7215,Adventure,Drama,Romance
7216,Crime,Drama,Film-Noir
7217,Crime,Drama,Film-Noir
7223,Drama,Film-Noir,Mystery
7228,Animation,Comedy,Fantasy
7235,Action,Comedy,Crime
7247,Adventure,Children,Comedy
7248,Action,Adventure,Drama
7254,Drama,Sci-Fi,Thriller
7257,Comedy,Crime,Thriller
7260,Comedy,Drama,Romance
7266,Comedy,Horror,Sci-Fi
7272,Action,Crime,Drama
7282,Comedy,Horror,Thriller
7302,Action,Adventure,Fantasy
7305,Crime,Drama,Mystery
7307,Action,Adventure,Drama
7325,Action,Comedy,Crime
7352,Comedy,Drama,Romance
7354,Comedy,Drama,Romance
7355,Adventure,Animation,Comedy
7360,Action,Drama,Horror
7361,Drama,Romance,Sci-Fi
7362,Crime,Drama,Thriller
7366,Comedy,Drama,Romance
7369,Action,Adventure,Children
7371,Drama,Mystery,Thriller
7373,Action,Adventure,Fantasy
7374,Animation,Children,Comedy
7379,Drama,War,Western
7380,Comedy,Fantasy,Romance
7381,Action,Comedy,Crime
7382,Drama,Mystery,Thriller
7387,Action,Drama,Horror
7394,Action,Adventure,Comedy
7415,Comedy,Crime,Drama
7438,Action,Drama,Thriller
7439,Action,Crime,Thriller
7444,Comedy,Fantasy,Romance
7445,Action,Crime,Drama
7449,Drama,Horror,Thriller
7453,Action,Adventure,Comedy
7454,Action,Adventure,Fantasy
7458,Action,Adventure,Drama
7481,Adventure,Drama,Sci-Fi
7502,Action,Drama,War
7505,Drama,Horror,Mystery
7560,Drama,Thriller,War
7569,Action,Adventure,Sci-Fi
7570,Action,Adventure,Thriller
7571,Crime,Drama,Film-Noir
7573,Action,Adventure,Thriller
7577,Comedy,Fantasy,Musical
7579,Comedy,Drama,Romance
7586,Drama,Thriller,War
7587,Crime,Drama,Thriller
7614,Musical,Romance,Western
7700,Action,Adventure,Drama
7713,Drama,Horror,Romance
7714,Drama,Musical,Romance
7720,Action,Adventure,Comedy
7728,Crime,Drama,Film-Noir
7738,Comedy,Drama,Romance
7743,Adventure,Children,Sci-Fi
7757,Action,Adventure,Fantasy
7766,Action,Drama,Thriller
7787,Action,Drama,War
7790,Animation,Children,Comedy
7802,Action,Adventure,Crime
7809,Drama,Romance,War
7822,Adventure,Drama,Romance
7826,Comedy,Romance,Thriller
7827,Action,Sci-Fi,Thriller
7831,Comedy,Crime,Drama
7832,Comedy,Crime,Mystery
7833,Comedy,Crime,Mystery
7834,Comedy,Crime,Mystery
7835,Comedy,Crime,Drama
7840,Adventure,Comedy,War
7842,Drama,Fantasy,Sci-Fi
7845,Comedy,Horror,Sci-Fi
7846,Comedy,Horror,Sci-Fi
7878,Comedy,Crime,Western
7895,Crime,Drama,Thriller
7915,Action,Adventure,Comedy
7924,Drama,Film-Noir,Thriller
7926,Crime,Drama,Film-Noir
7935,Drama,Fantasy,Horror
7980,Action,Drama,War
7981,Crime,Drama,Thriller
7982,Drama,Horror,Mystery
8008,Fantasy,Musical,Romance
8015,Adventure,Animation,Children
8016,Action,Crime,Drama
8019,Drama,Horror,Mystery
8033,Comedy,Crime,Romance
8044,Crime,Drama,Film-Noir
8056,Crime,Drama,Mystery
8093,Action,Drama,Romance
8094,Drama,Thriller,Western
8136,Crime,Horror,Sci-Fi
8157,Animation,Fantasy,Thriller
8167,Action,Adventure,Romance
8169,Children,Comedy,Fantasy
8190,Comedy,Drama,War
8195,Drama,Mystery,Romance
8197,Drama,Romance,War
8235,Action,Comedy,Romance
8253,Action,Adventure,Animation
8254,Comedy,Drama,Fantasy
8257,Action,Drama,War
8263,Comedy,Musical,Romance
8273,Comedy,Drama,Romance
8341,Adventure,Crime,Drama
8360,Adventure,Animation,Children
8361,Action,Adventure,Drama
8362,Comedy,Drama,Romance
8368,Adventure,Fantasy,IMAX
8369,Action,Crime,Horror
8370,Action,Comedy,Crime
8371,Action,Sci-Fi,Thriller
8372,Animation,Children,Comedy
8373,Comedy,Fantasy,Thriller
8403,Action,Adventure,Drama
8404,Crime,Mystery,Thriller
8410,Crime,Drama,Film-Noir
8423,Children,Comedy,Romance
8464,Comedy,Documentary,Drama
8465,Crime,Drama,Film-Noir
8482,Drama,Fantasy,Horror
8485,Adventure,Drama,Romance
8487,Children,Comedy,Musical
8491,Crime,Drama,Film-Noir
8493,Action,Drama,War
8502,Drama,Musical,Romance
8507,Crime,Drama,Horror
8526,Adventure,Children,Comedy
8529,Comedy,Drama,Romance
8531,Action,Comedy,Crime
8534,Adventure,Children,Drama
8537,Action,Adventure,Animation
8574,Animation,Children,Comedy
8580,Adventure,Comedy,Fantasy
8583,Adventure,Drama,Romance
8591,Adventure,Drama,Sci-Fi
8600,Crime,Drama,Film-Noir
8607,Adventure,Animation,Drama
8612,Adventure,Children,Drama
8616,Children,Musical,Romance
8620,Comedy,Drama,Fantasy
8633,Action,Adventure,Comedy
8636,Action,Adventure,Sci-Fi
8640,Action,Adventure,Drama
8644,Action,Adventure,Sci-Fi
8661,Adventure,Drama,Western
8665,Action,Crime,Thriller
8666,Action,Crime,Fantasy
8670,Crime,Horror,Mystery
8675,Action,Drama,War
8689,Comedy,Crime,Thriller
8690,Comedy,Drama,Sci-Fi
8713,Adventure,Children,Fantasy
8722,Comedy,Fantasy,Romance
8725,Comedy,Drama,Romance
8730,Action,Drama,War
8743,Adventure,Fantasy,Sci-Fi
8751,Crime,Drama,Film-Noir
8752,Drama,Film-Noir,Romance
8763,Children,Comedy,Musical
8765,Crime,Film-Noir,Thriller
8766,Drama,Film-Noir,Mystery
8767,Crime,Film-Noir,Thriller
8768,Crime,Drama,Film-Noir
8783,Drama,Mystery,Thriller
8784,Comedy,Drama,Romance
8795,Action,Adventure,Drama
8798,Action,Crime,Drama
8810,Action,Horror,Sci-Fi
8811,Action,Adventure,Animation
8830,Adventure,Drama,Horror
8832,Action,Adventure,Drama
8836,Drama,Romance,Thriller
8850,Adventure,Children,Drama
8860,Action,Crime,Drama
8861,Action,Horror,Sci-Fi
8865,Action,Adventure,Sci-Fi
8870,Drama,Mystery,Sci-Fi
8879,Crime,Mystery,Thriller
8882,Crime,Drama,Mystery
8907,Animation,Children,Comedy
8908,Action,Drama,Thriller
8917,Action,Adventure,Animation
8918,Comedy,Crime,Drama
8927,Action,Comedy,Drama
8935,Children,Comedy,Romance
8947,Horror,Mystery,Thriller
8948,Comedy,Drama,Romance
8949,Comedy,Drama,Romance
8950,Drama,Mystery,Thriller
8955,Crime,Drama,Thriller
8957,Horror,Mystery,Thriller
8961,Action,Adventure,Animation
8963,Drama,Romance,Sci-Fi
8965,Adventure,Animation,Children
8968,Action,Adventure,Comedy
8969,Comedy,Drama,Romance
8972,Action,Adventure,Drama
8974,Adventure,Animation,Children
8977,Action,Adventure,Drama
8983,Action,Drama,Romance
8984,Action,Comedy,Crime
8985,Action,Fantasy,Horror
9004,Adventure,Children,Sci-Fi
9005,Drama,Mystery,Sci-Fi
25750,Comedy,Fantasy,Romance
25764,Comedy,Drama,Romance
25774,Comedy,Drama,Romance
25795,Comedy,Drama,Romance
25805,Comedy,Drama,Romance
25807,Adventure,Crime,Horror
25828,Crime,Drama,Romance
25839,Comedy,Drama,Romance
25842,Comedy,Fantasy,Romance
25850,Comedy,Drama,Romance
25891,Comedy,Fantasy,Romance
25904,Drama,Film-Noir,Thriller
25911,Crime,Film-Noir,Thriller
25920,Crime,Drama,Film-Noir
25927,Drama,Film-Noir,Thriller
25930,Crime,Drama,Film-Noir
25940,Drama,Film-Noir,Mystery
25945,Crime,Film-Noir,Romance
25962,Action,Adventure,Romance
25965,Comedy,Musical,Romance
25995,Action,Adventure,Drama
26003,Crime,Documentary,War
26005,Action,Adventure,Drama
26012,Action,Adventure,Drama
26084,Children,Comedy,Musical
26085,Adventure,Drama,Romance
26093,Adventure,Animation,Children
26117,Action,Crime,Drama
26122,Drama,Horror,War
26133,Animation,Children,Comedy
26147,Comedy,Drama,Romance
26152,Action,Adventure,Comedy
26160,Action,Adventure,Animation
26172,Action,Crime,Drama
26178,Comedy,Drama,Romance
26208,Comedy,Drama,Romance
26231,Crime,Drama,Thriller
26242,Action,Mystery,Thriller
26265,Adventure,Comedy,Horror
26320,Drama,Horror,Sci-Fi
26322,Action,Crime,Drama
26342,Crime,Mystery,Thriller
26375,Action,Comedy,Crime
26391,Drama,Musical,Romance
26403,Animation,Children,Fantasy
26422,Comedy,Drama,Musical
26462,Crime,Drama,Thriller
26464,Action,Crime,Drama
26480,Action,Mystery,Sci-Fi
26492,Fantasy,Horror,Sci-Fi
26509,Comedy,Drama,Romance
26513,Action,Adventure,Comedy
26547,Action,Comedy,Crime
26554,Drama,Mystery,Sci-Fi
26585,Crime,Drama,Thriller
26587,Crime,Drama,Romance
26599,Comedy,Drama,Romance
26603,Fantasy,Horror,Sci-Fi
26606,Action,Fantasy,Horror
26614,Action,Adventure,Drama
26631,Animation,Fantasy,Mystery
26649,Adventure,Drama,Western
26662,Adventure,Animation,Children
26663,Crime,Romance,Thriller
26680,Comedy,Musical,Romance
26693,Drama,Fantasy,Horror
26701,Action,Animation,Crime
26702,Drama,Horror,Thriller
26704,Crime,Drama,Thriller
26731,Crime,Drama,Thriller
26736,Action,Crime,Thriller
26750,Adventure,Drama,Western
26775,Comedy,Musical,Romance
26776,Adventure,Animation,Comedy
26791,Drama,Romance,Thriller
26840,Action,Comedy,Crime
26842,Action,Adventure,Comedy
26854,Action,Crime,Horror
26903,Animation,Drama,Romance
26999,Adventure,Animation,Children
27002,Action,Documentary,Drama
27005,Crime,Drama,Mystery
27022,Action,Crime,Thriller
27032,Action,Adventure,Comedy
27075,Children,Comedy,Fantasy
27109,Action,Crime,Drama
27156,Action,Animation,Drama
27186,Adventure,Animation,Children
27251,Adventure,Comedy,Fantasy
27253,Animation,Children,Comedy
27266,Drama,Fantasy,Romance
27317,Drama,Horror,Mystery
27338,Drama,Horror,Mystery
27376,Action,Drama,Thriller
27397,Crime,Drama,Mystery
27416,Comedy,Drama,Romance
27441,Action,Animation,Horror
27482,Horror,Mystery,Sci-Fi
27604,Horror,Mystery,Thriller
27611,Drama,Sci-Fi,War
27660,Action,Animation,Drama
27674,Comedy,Crime,Drama
27689,Action,Crime,Thriller
27704,Action,Drama,Thriller
27706,Adventure,Children,Comedy
27721,Drama,Mystery,Romance
27728,Action,Animation,Drama
27731,Adventure,Animation,Children
27751,Drama,Horror,Mystery
27788,Drama,Mystery,Sci-Fi
27790,Children,Comedy,Crime
27792,Comedy,Drama,Fantasy
27793,Action,Horror,Sci-Fi
27800,Adventure,Animation,Fantasy
27802,Action,Crime,Drama
27808,Comedy,Drama,Romance
27816,Action,Adventure,Drama
27826,Comedy,Drama,Romance
27831,Crime,Drama,Thriller
27839,Drama,Horror,Mystery
27857,Drama,Musical,Romance
27869,Action,Drama,War
27875,Crime,Documentary,Drama
27899,Comedy,Documentary,Drama
27904,Animation,Drama,Mystery
30712,Crime,Drama,Film-Noir
30745,Comedy,Crime,Drama
30793,Adventure,Children,Comedy
30810,Adventure,Comedy,Fantasy
30816,Drama,Musical,Romance
30846,Crime,Drama,Thriller
30894,Drama,Horror,Mystery
30898,Comedy,Drama,Romance
31026,Drama,Horror,Musical
31101,Action,Crime,Drama
31150,Animation,Fantasy,Sci-Fi
31184,Action,Animation,Fantasy
31193,Animation,Children,Musical
31221,Action,Adventure,Crime
31270,Drama,Horror,Sci-Fi
31284,Drama,Musical,Romance
31290,Action,Adventure,Fantasy
31364,Crime,Drama,Mystery
31374,Comedy,Drama,Romance
31420,Action,Crime,Drama
31427,Horror,Mystery,Thriller
31431,Drama,Horror,Mystery
31502,Drama,Horror,Mystery
31549,Documentary,Drama,Sci-Fi
31658,Adventure,Animation,Fantasy
31660,Action,Animation,Drama
31694,Comedy,Musical,Romance
31696,Action,Fantasy,Horror
31700,Children,Comedy,Drama
31804,Action,Fantasy,Horror
31921,Adventure,Comedy,Crime
31923,Action,Adventure,Comedy
31952,Comedy,Crime,Drama
32019,Comedy,Crime,Musical
32029,Action,Crime,Drama
32031,Adventure,Animation,Children
32078,Action,Drama,Sci-Fi
32153,Adventure,Animation,Children
32174,Action,Drama,War
32211,Action,Crime,Drama
32280,Comedy,Drama,Musical
32289,Children,Comedy,Drama
32296,Adventure,Comedy,Crime
32352,Adventure,Animation,Comedy
32369,Crime,Drama,Film-Noir
32371,Crime,Drama,Film-Noir
32381,Comedy,Musical,Romance
32395,Fantasy,Horror,Sci-Fi
32444,Drama,Musical,Romance
32456,Animation,Comedy,Drama
32460,Action,Comedy,Crime
32469,Comedy,Crime,Drama
32515,Adventure,Drama,War
32554,Animation,Fantasy,Sci-Fi
32562,Animation,Comedy,Drama
32587,Action,Crime,Film-Noir
32591,Comedy,Drama,Romance
32596,Action,Adventure,Comedy
32728,Drama,Mystery,Thriller
32735,Comedy,Drama,Fantasy
32743,Drama,Horror,Thriller
32825,Adventure,Comedy,Sci-Fi
32844,Drama,Romance,War
32898,Action,Adventure,Fantasy
32914,Drama,Horror,Thriller
33004,Adventure,Comedy,Sci-Fi
33138,Adventure,Comedy,Drama
33145,Comedy,Drama,Romance
33158,Action,Crime,Thriller
33162,Action,Drama,Romance
33437,Action,Crime,Drama
33493,Action,Adventure,Sci-Fi
33587,Horror,Mystery,Romance
33615,Adventure,Animation,Children
33669,Adventure,Comedy,Drama
33672,Action,Comedy,Drama
33679,Action,Adventure,Comedy
33681,Action,Adventure,Children
33688,Drama,Musical,Romance
33794,Action,Crime,IMAX
33830,Adventure,Comedy,Romance
33834,Action,Horror,Thriller
33836,Comedy,Fantasy,Romance
33903,Comedy,Crime,Drama
33912,Comedy,Drama,Romance
34048,Action,Adventure,Sci-Fi
34143,Drama,Horror,Thriller
34150,Action,Adventure,Sci-Fi
34319,Action,Sci-Fi,Thriller
34323,Action,Crime,Horror
34332,Action,Adventure,Children
34334,Action,Adventure,Sci-Fi
34405,Action,Adventure,Sci-Fi
34435,Action,Adventure,Comedy
34517,Horror,Mystery,Thriller
34520,Action,Adventure,Comedy
34532,Drama,Horror,Mystery
34534,Action,Crime,Drama
34536,Action,Drama,War
34583,Action,Crime,Drama
36152,Drama,Fantasy,Romance
36276,Drama,Mystery,Thriller
36289,Adventure,Children,Comedy
36397,Adventure,Animation,Children
36401,Comedy,Fantasy,Horror
36509,Action,Adventure,Horror
36519,Action,Crime,Thriller
36525,Comedy,Fantasy,Romance
36529,Action,Crime,Drama
36533,Drama,Horror,Mystery
36553,Action,Drama,Musical
36708,Adventure,Animation,Comedy
36931,Action,Crime,Drama
37211,Comedy,Musical,Western
37380,Action,Horror,Sci-Fi
37382,Crime,Drama,Thriller
37477,Action,Comedy,Crime
37720,Crime,Drama,Horror
37727,Action,Drama,Thriller
37729,Animation,Comedy,Fantasy
37733,Action,Crime,Drama
37785,Crime,Drama,Thriller
37830,Action,Adventure,Animation
37853,Action,Adventure,Crime
37857,Adventure,Children,Drama
38038,Adventure,Animation,Children
38061,Comedy,Crime,Mystery
38994,Drama,Romance,Thriller
39052,Action,Comedy,Sci-Fi
39231,Comedy,Drama,Romance
39381,Crime,Drama,Western
39414,Comedy,Drama,Romance
39435,Action,Adventure,Drama
39768,Comedy,Drama,Musical
39941,Comedy,Drama,Romance
40148,Crime,Drama,Thriller
40226,Action,Comedy,Horror
40278,Action,Drama,War
40339,Action,Adventure,Animation
40574,Action,Crime,Drama
40723,Crime,Horror,Thriller
40732,Adventure,Drama,Horror
40815,Adventure,Fantasy,Thriller
40819,Drama,Musical,Romance
40826,Drama,Musical,Romance
40851,Action,Adventure,Children
40959,Action,Comedy,Crime
41285,Crime,Drama,Romance
41527,Crime,Drama,Thriller
41566,Adventure,Children,Fantasy
41569,Action,Adventure,Drama
41573,Comedy,Drama,Romance
41585,Crime,Drama,Film-Noir
41716,Comedy,Drama,Thriller
41769,Comedy,Drama,Romance
41863,Adventure,Crime,Drama
41912,Comedy,Crime,Mystery
41997,Action,Crime,Drama
42004,Adventure,Comedy,Drama
42007,Comedy,Drama,Romance
42015,Action,Adventure,Comedy
42351,Drama,Sci-Fi,War
42418,Adventure,Drama,Romance
42632,Crime,Drama,Mystery
42681,Adventure,Drama,Thriller
42718,Action,Crime,Sci-Fi
42734,Animation,Children,Comedy
42738,Action,Fantasy,Horror
42900,Comedy,Crime,Drama
42958,Children,Comedy,Romance
43419,Action,Comedy,Crime
43558,Action,Comedy,Crime
43560,Children,Comedy,Fantasy
43679,Horror,Mystery,Thriller
43744,Comedy,Drama,Romance
43836,Adventure,Comedy,Crime
43838,Comedy,Fantasy,Horror
43869,Adventure,Animation,Children
43871,Crime,Drama,Thriller
43917,Action,Adventure,Drama
43921,Action,Crime,Thriller
43928,Action,Fantasy,Sci-Fi
43932,Action,Drama,Fantasy
44022,Adventure,Animation,Children
44191,Action,Sci-Fi,Thriller
44197,Comedy,Crime,Drama
44199,Crime,Drama,Thriller
44225,Children,Comedy,Fantasy
44245,Action,Comedy,Horror
44397,Drama,Horror,Thriller
44555,Drama,Romance,Thriller
44597,Action,Crime,Mystery
44665,Crime,Drama,Mystery
44731,Horror,Sci-Fi,Thriller
44759,Crime,Drama,Mystery
44761,Crime,Drama,Film-Noir
44828,Comedy,Horror,Sci-Fi
44849,Action,Animation,Film-Noir
44864,Comedy,Drama,Romance
44911,Drama,Horror,Romance
45028,Comedy,Drama,Musical
45062,Crime,Drama,Thriller
45081,Fantasy,Horror,Thriller
45179,Crime,Drama,Film-Noir
45183,Action,Comedy,Crime
45186,Action,Adventure,Thriller
45208,Adventure,Children,Comedy
45431,Adventure,Animation,Children
45442,Action,Adventure,Thriller
45447,Drama,Mystery,Thriller
45499,Action,Sci-Fi,Thriller
45501,Comedy,Drama,Romance
45517,Animation,Children,Comedy
45668,Drama,Fantasy,Romance
45672,Adventure,Comedy,Drama
45679,Drama,Film-Noir,Horror
45722,Action,Adventure,Fantasy
45730,Drama,Fantasy,Mystery
45732,Comedy,Fantasy,Romance
46062,Children,Comedy,Drama
46335,Action,Crime,Drama
46337,Animation,Children,Comedy
46530,Action,Adventure,Sci-Fi
46578,Adventure,Comedy,Drama
46664,Drama,Mystery,Thriller
46855,Action,Drama,Thriller
46948,Animation,Children,Fantasy
46965,Action,Comedy,Horror
46967,Comedy,Fantasy,Mystery
46972,Action,Comedy,Fantasy
46976,Comedy,Drama,Fantasy
47044,Action,Crime,Drama
47092,Crime,Drama,Film-Noir
47124,Adventure,Animation,Children
47196,Comedy,Romance,Thriller
47254,Action,Crime,Drama
47261,Fantasy,Mystery,Thriller
47287,Crime,Drama,Thriller
47330,Action,Crime,Drama
47384,Adventure,Comedy,Drama
47404,Adventure,Animation,Comedy
47465,Drama,Fantasy,Thriller
47606,Children,Comedy,Musical
47610,Drama,Fantasy,Mystery
47714,Comedy,Drama,Fantasy
47810,Horror,Mystery,Thriller
47937,Comedy,Horror,Thriller
47950,Crime,Drama,Mystery
47952,Action,Horror,Thriller
47997,Adventure,Comedy,Sci-Fi
48032,Comedy,Drama,Romance
48043,Drama,Fantasy,Romance
48061,Animation,Children,Comedy
48082,Comedy,Drama,Fantasy
48142,Crime,Drama,Mystery
48159,Adventure,Animation,Children
48231,Comedy,Drama,Horror
48304,Adventure,Drama,Thriller
48319,Action,Adventure,Drama
48394,Drama,Fantasy,Thriller
48414,Adventure,Animation,Children
48501,Adventure,Comedy,Sci-Fi
48516,Crime,Drama,Thriller
48591,Drama,Horror,Mystery
48596,Action,Drama,Thriller
48744,Comedy,Drama,Romance
48774,Action,Adventure,Drama
48780,Drama,Mystery,Sci-Fi
48817,Comedy,Drama,Romance
48877,Crime,Horror,Thriller
48997,Crime,Drama,Thriller
49265,Documentary,Drama,War
49272,Action,Adventure,Thriller
49274,Adventure,Animation,Children
49278,Action,Sci-Fi,Thriller
49284,Comedy,Drama,Romance
49314,Action,Crime,Drama
49396,Adventure,Comedy,Musical
49528,Adventure,Drama,Horror
49530,Action,Adventure,Crime
49647,Children,Comedy,Drama
49649,Action,Adventure,Fantasy
49688,Action,Drama,War
49817,Adventure,Animation,Drama
49932,Drama,Mystery,Thriller
50011,Comedy,Drama,Fantasy
50064,Drama,Mystery,Thriller
50147,Action,Horror,Thriller
50162,Action,Children,Fantasy
50445,Action,Horror,Thriller
50601,Adventure,Children,Fantasy
50641,Comedy,Fantasy,Horror
50685,Comedy,Drama,Romance
50792,Comedy,Drama,Romance
50794,Action,Crime,Drama
50802,Comedy,Drama,Romance
50804,Drama,Horror,Thriller
50872,Animation,Children,Drama
51077,Action,Fantasy,Thriller
51086,Drama,Mystery,Thriller
51094,Comedy,Drama,Romance
51255,Action,Comedy,Crime
51304,Crime,Drama,Thriller
51357,Crime,Drama,Thriller
51412,Action,Sci-Fi,Thriller
51540,Crime,Drama,Thriller
51662,Action,Fantasy,War
51698,Adventure,Children,Sci-Fi
51709,Comedy,Drama,Horror
51925,Drama,Fantasy,Mystery
51927,Horror,Mystery,Thriller
51935,Action,Drama,Thriller
51939,Action,Adventure,Animation
52241,Crime,Drama,Thriller
52281,Action,Crime,Horror
52287,Action,Adventure,Animation
52319,Action,Adventure,Drama
52328,Adventure,Drama,Sci-Fi
52435,Animation,Comedy,Fantasy
52456,Crime,Drama,Mystery
52460,Action,Adventure,Drama
52462,Action,Adventure,Animation
52604,Crime,Drama,Mystery
52606,Comedy,Crime,Thriller
52668,Comedy,Drama,Romance
52712,Crime,Drama,Fantasy
52717,Action,Adventure,Crime
52722,Action,Adventure,Sci-Fi
52831,Action,Crime,Horror
52885,Animation,Mystery,Sci-Fi
52913,Comedy,Drama,Romance
52950,Action,Fantasy,Horror
52973,Comedy,Drama,Romance
52975,Comedy,Drama,Musical
53000,Horror,Sci-Fi,Thriller
53121,Adventure,Animation,Children
53123,Drama,Musical,Romance
53125,Action,Adventure,Comedy
53129,Crime,Drama,Thriller
53138,Action,Adventure,Fantasy
53207,Crime,Drama,Mystery
53318,Comedy,Drama,Romance
53435,Crime,Horror,Thriller
53460,Animation,Children,Comedy
53464,Action,Adventure,Sci-Fi
53466,Adventure,Crime,Thriller
53468,Comedy,Horror,Thriller
53519,Action,Adventure,Crime
53550,Action,Adventure,Drama
53737,Crime,Drama,Mystery
53887,Comedy,Drama,Fantasy
53953,Drama,Horror,Thriller
53972,Action,Adventure,Crime
53996,Action,Sci-Fi,Thriller
54001,Adventure,Drama,Fantasy
54190,Drama,Fantasy,Musical
54259,Adventure,Comedy,Fantasy
54276,Comedy,Drama,Romance
54286,Action,Crime,Thriller
54331,Comedy,Crime,Thriller
54372,Crime,Drama,Mystery
54648,Action,Comedy,Crime
54736,Action,Drama,Thriller
54771,Action,Drama,Horror
54780,Comedy,Drama,Romance
54910,Comedy,Horror,Thriller
54995,Action,Horror,Sci-Fi
54997,Action,Crime,Drama
54999,Action,Comedy,Crime
55052,Drama,Romance,War
55116,Action,Adventure,Comedy
55118,Crime,Drama,Thriller
55167,Action,Adventure,Animation
55232,Action,Horror,Sci-Fi
55247,Action,Adventure,Drama
55253,Drama,Romance,Thriller
55259,Action,Adventure,Drama
55261,Comedy,Drama,Romance
55267,Comedy,Drama,Romance
55269,Adventure,Comedy,Drama
55290,Crime,Drama,Mystery
55294,Comedy,Crime,Drama
55363,Crime,Drama,Western
55451,Comedy,Drama,Romance
55498,Adventure,Drama,Romance
55577,Crime,Horror,Thriller
55684,Action,Crime,Drama
55721,Action,Crime,Drama
55757,Comedy,Drama,Romance
55765,Crime,Drama,Thriller
55805,Crime,Drama,Thriller
55895,Drama,Film-Noir,Thriller
55946,Drama,Thriller,War
55995,Action,Adventure,Animation
55999,Children,Comedy,Fantasy
56003,Comedy,Drama,Sci-Fi
56015,Crime,Drama,Film-Noir
56069,Comedy,Drama,Horror
56152,Adventure,Animation,Children
56156,Action,Crime,Thriller
56171,Adventure,Children,Fantasy
56174,Action,Horror,Sci-Fi
56251,Animation,Comedy,Sci-Fi
56336,Action,Horror,Thriller
56339,Drama,Horror,Mystery
56367,Comedy,Drama,Romance
56633,Crime,Drama,Thriller
56715,Drama,Fantasy,Romance
56757,Drama,Horror,Musical
56788,Comedy,Drama,War
56801,Action,Horror,Sci-Fi
56908,Comedy,Drama,Romance
56915,Adventure,Children,Fantasy
56921,Action,Drama,Sci-Fi
56941,Comedy,Drama,Romance
57223,Action,Adventure,Drama
57274,Drama,Horror,Thriller
57326,Action,Adventure,Fantasy
57368,Action,Mystery,Sci-Fi
57453,Comedy,Drama,Romance
57504,Animation,Comedy,Drama
57528,Action,Drama,Thriller
57640,Action,Adventure,Fantasy
57669,Comedy,Crime,Drama
57951,Action,Adventure,Comedy
58025,Action,Adventure,Drama
58047,Comedy,Drama,Romance
58103,Action,Drama,Thriller
58105,Adventure,Children,Drama
58107,Drama,Musical,Romance
58293,Adventure,Romance,Thriller
58295,Action,Crime,Thriller
58297,Action,Drama,Sci-Fi
58299,Adventure,Animation,Children
58303,Crime,Drama,War
58347,Comedy,Fantasy,Romance
58559,Action,Crime,Drama
58803,Crime,Drama,Romance
58839,Comedy,Drama,Romance
58879,Documentary,Musical,IMAX
58972,Adventure,Comedy,Fantasy
59014,Action,Comedy,Sci-Fi
59016,Crime,Drama,Thriller
59037,Action,Children,Sci-Fi
59103,Action,Adventure,Comedy
59141,Children,Comedy,Drama
59306,Horror,Mystery,Thriller
59315,Action,Adventure,Sci-Fi
59369,Action,Crime,Drama
59387,Adventure,Drama,Fantasy
59392,Action,Fantasy,Sci-Fi
59501,Adventure,Children,Fantasy
59594,Comedy,Crime,Thriller
59615,Action,Adventure,Comedy
59784,Action,Animation,Children
59814,Comedy,Crime,Drama
59832,Crime,Drama,Film-Noir
59834,Adventure,War,Western
59846,Adventure,Drama,Romance
59935,Adventure,Comedy,Sci-Fi
59945,Adventure,Romance,Western
59985,Comedy,Drama,Romance
60037,Drama,Sci-Fi,Thriller
60069,Adventure,Animation,Children
60074,Action,Adventure,Comedy
60161,Action,Animation,Comedy
60293,Comedy,Drama,Romance
60397,Comedy,Musical,Romance
60471,Action,Adventure,Horror
60487,Animation,Children,Comedy
60514,Action,Adventure,Sci-Fi
60516,Adventure,Children,Comedy
60609,Adventure,Crime,Drama
60649,Adventure,Animation,Comedy
60684,Action,Drama,Mystery
60760,Drama,Mystery,Sci-Fi
60832,Crime,Horror,Thriller
60937,Action,Adventure,Fantasy
60950,Comedy,Drama,Romance
61013,Action,Comedy,Drama
61024,Action,Comedy,Crime
61026,Action,Adventure,Drama
61071,Adventure,Comedy,Drama
61123,Comedy,Drama,Musical
61132,Action,Adventure,Comedy
61160,Action,Adventure,Animation
61210,Action,Adventure,Sci-Fi
61236,Animation,Documentary,Drama
61240,Drama,Fantasy,Horror
61248,Action,Adventure,Sci-Fi
61323,Comedy,Crime,Drama
61350,Action,Adventure,Sci-Fi
61352,Crime,Drama,Thriller
61401,Action,Comedy,Fantasy
61465,Action,Crime,Thriller
61729,Comedy,Fantasy,Romance
62081,Action,Crime,Thriller
62155,Comedy,Drama,Romance
62331,Action,Adventure,Animation
62336,Animation,Comedy,Fantasy
62374,Action,Drama,Thriller
62376,Adventure,Children,Sci-Fi
62383,Action,Adventure,Sci-Fi
62394,Action,Crime,Drama
62434,Comedy,Drama,Romance
62733,Drama,Horror,Mystery
62764,Fantasy,Mystery,Sci-Fi
62956,Action,Adventure,Animation
62999,Action,Adventure,Animation
63062,Crime,Drama,Mystery
63072,Adventure,Drama,Thriller
63082,Crime,Drama,Romance
63113,Action,Adventure,Thriller
63239,Children,Fantasy,Musical
63393,Comedy,Musical,Romance
63436,Crime,Horror,Thriller
63540,Adventure,Children,Comedy
63826,Action,Horror,Thriller
63836,Crime,Drama,Horror
63853,Adventure,Drama,War
63859,Action,Adventure,Animation
63992,Drama,Fantasy,Romance
64030,Action,Adventure,Crime
64249,Adventure,Animation,Comedy
64338,Comedy,Drama,Musical
64497,Drama,Sci-Fi,Thriller
64508,Action,Sci-Fi,War
64695,Action,Adventure,Animation
64900,Action,Adventure,Fantasy
64957,Drama,Fantasy,Mystery
64983,Drama,Thriller,War
64993,Animation,Drama,Romance
65088,Adventure,Children,Comedy
65216,Drama,Thriller,War
65261,Adventure,Animation,Children
65310,Comedy,Horror,Musical
65514,Action,Drama,War
65552,Action,Sci-Fi,Thriller
65567,Drama,Mystery,Thriller
65577,Adventure,Animation,Children
65682,Action,Fantasy,Horror
65802,Action,Comedy,Crime
65982,Action,Adventure,Sci-Fi
66097,Animation,Fantasy,Thriller
66203,Comedy,Drama,Romance
66297,Action,Animation,Comedy
66310,Drama,Horror,Thriller
66317,Adventure,Animation,Fantasy
66596,Comedy,Crime,Mystery
66659,Comedy,Crime,Drama
66665,Comedy,Drama,Romance
66686,Drama,Film-Noir,Thriller
66785,Action,Adventure,Comedy
66798,Adventure,Comedy,Mystery
66808,Action,Adventure,Drama
66915,Adventure,Animation,Children
66934,Comedy,Drama,Musical
67193,Crime,Romance,Thriller
67197,Action,Drama,Mystery
67255,Crime,Drama,Mystery
67295,Action,Animation,Children
67361,Action,Mystery,Thriller
67408,Animation,Sci-Fi,IMAX
67508,Action,Crime,Drama
67799,Drama,Fantasy,Sci-Fi
67867,Action,Adventure,Fantasy
67923,Action,Crime,Drama
68157,Action,Drama,War
68159,Crime,Drama,Thriller
68205,Action,Comedy,Crime
68237,Drama,Mystery,Sci-Fi
68319,Action,Sci-Fi,Thriller
68347,Crime,Drama,Thriller
68358,Action,Adventure,Sci-Fi
68486,Action,Drama,War
68554,Crime,Drama,Mystery
68659,Adventure,Comedy,Drama
68791,Action,Adventure,Sci-Fi
68793,Action,Comedy,IMAX
68835,Adventure,Fantasy,Musical
68848,Adventure,Comedy,Crime
68945,Action,Animation,Mystery
68954,Adventure,Animation,Children
68959,Action,Adventure,Animation
69275,Action,Adventure,Comedy
69278,Action,Adventure,Comedy
69306,Crime,Drama,Thriller
69481,Action,Drama,Thriller
69516,Crime,Drama,Film-Noir
69524,Action,Adventure,Thriller
69526,Action,Adventure,Sci-Fi
69559,Crime,Drama,Film-Noir
69606,Comedy,Fantasy,Romance
69640,Crime,Drama,Thriller
69644,Action,Adventure,Animation
69654,Action,Drama,Thriller
69720,Comedy,Drama,Horror
69746,Action,Adventure,Animation
69757,Comedy,Drama,Romance
69805,Action,Adventure,Fantasy
69844,Adventure,Fantasy,Mystery
70159,Drama,Horror,Mystery
70183,Comedy,Drama,Romance
70282,Adventure,Children,Fantasy
70286,Mystery,Sci-Fi,Thriller
70293,Comedy,Drama,Romance
70305,Adventure,Children,Fantasy
70336,Action,Adventure,Sci-Fi
70418,Drama,Musical,Romance
70465,Action,Crime,Drama
70533,Action,Animation,Sci-Fi
70599,Drama,Romance,Sci-Fi
70697,Action,Adventure,Children
70728,Action,Comedy,Drama
71033,Crime,Drama,Mystery
71057,Adventure,Animation,Sci-Fi
71102,Action,Adventure,Thriller
71135,Horror,Sci-Fi,Thriller
71156,Action,Comedy,Drama
71205,Comedy,Horror,Sci-Fi
71211,Comedy,Crime,Drama
71254,Action,Sci-Fi,Thriller
71264,Animation,Children,Fantasy
71318,Adventure,Animation,Sci-Fi
71433,Adventure,Crime,Drama
71468,Action,Fantasy,Sci-Fi
71490,Drama,Horror,Thriller
71494,Action,Animation,Comedy
71530,Action,Sci-Fi,Thriller
71533,Action,Comedy,Crime
71535,Action,Comedy,Horror
71573,Action,Crime,Drama
71745,Adventure,Children,Drama
71804,Comedy,Drama,Romance
71810,Action,Adventure,Drama
71899,Animation,Comedy,Drama
72043,Animation,Comedy,Sci-Fi
72104,Animation,Drama,Mystery
72109,Action,Comedy,Horror
72129,Crime,Horror,Mystery
72131,Documentary,Musical,IMAX
72165,Action,Adventure,Comedy
72176,Comedy,Crime,Drama
72209,Action,Animation,Children
72226,Adventure,Animation,Children
72294,Animation,Children,Drama
72308,Action,Adventure,Drama
72356,Animation,Children,Comedy
72378,Action,Drama,Sci-Fi
72380,Drama,Horror,Mystery
72386,Drama,Romance,Thriller
72393,Horror,Mystery,Sci-Fi
72407,Drama,Fantasy,Horror
72479,Drama,Romance,War
72489,Action,Crime,Drama
72605,Drama,Thriller,War
72701,Adventure,Animation,Children
72731,Crime,Drama,Fantasy
72737,Animation,Children,Fantasy
72762,Action,Drama,Thriller
72919,Comedy,Crime,Drama
72998,Action,Adventure,Sci-Fi
73017,Action,Crime,Mystery
73042,Animation,Children,Comedy
73101,Comedy,Drama,Fantasy
73168,Drama,Horror,Thriller
73266,Comedy,Drama,Romance
73268,Action,Drama,Horror
73321,Action,Adventure,Drama
73323,Action,Crime,Mystery
73488,Action,Horror,Thriller
73664,Adventure,Animation,Children
73741,Action,Crime,Drama
73759,Action,Animation,Horror
73808,Crime,Drama,Thriller
73854,Adventure,Animation,Children
73881,Comedy,Drama,Romance
73929,Action,Fantasy,Horror
74089,Children,Fantasy,Musical
74115,Action,Animation,Fantasy
74228,Drama,Horror,Mystery
74275,Comedy,Drama,Romance
74282,Children,Drama,Romance
74438,Action,Adventure,Comedy
74458,Drama,Mystery,Thriller
74510,Action,Crime,Drama
74532,Action,Comedy,Crime
74545,Drama,Mystery,Thriller
74580,Action,Children,Comedy
74624,Adventure,Drama,Romance
74630,Children,Fantasy,Musical
74649,Comedy,Drama,Romance
74685,Action,Drama,Horror
74688,Drama,Romance,War
74727,Comedy,Crime,Drama
74754,Comedy,Drama,Romance
74789,Adventure,Fantasy,IMAX
74795,Action,Drama,Thriller
74868,Drama,Horror,Sci-Fi
74944,Crime,Drama,Thriller
74948,Crime,Drama,Thriller
75349,Horror,Sci-Fi,Thriller
75805,Action,Comedy,Romance
75813,Comedy,Crime,Drama
75823,Drama,Horror,War
75985,Action,Sci-Fi,Thriller
76091,Crime,Drama,Mystery
76093,Adventure,Animation,Children
76175,Action,Adventure,Drama
76210,Comedy,Crime,Drama
76272,Crime,Drama,Thriller
76293,Action,Comedy,Romance
77201,Action,Drama,War
77359,Crime,Drama,Mystery
77364,Action,Adventure,Drama
77421,Comedy,Drama,Romance
77435,Comedy,Musical,War
77561,Action,Adventure,Sci-Fi
77798,Fantasy,Horror,Thriller
77866,Action,Adventure,Drama
78034,Comedy,Drama,Romance
78105,Action,Adventure,Fantasy
78174,Comedy,Drama,Romance
78266,Horror,Sci-Fi,Thriller
78467,Action,Drama,Thriller
78469,Action,Comedy,Thriller
78499,Adventure,Animation,Children
78637,Adventure,Animation,Children
78703,Comedy,Drama,Fantasy
78729,Action,Adventure,Crime
78772,Fantasy,Romance,Thriller
78893,Action,Adventure,Fantasy
78967,Adventure,Fantasy,Horror
79008,Animation,Comedy,Fantasy
79057,Action,Sci-Fi,Thriller
79091,Animation,Children,Comedy
79132,Action,Crime,Drama
79139,Action,Adventure,Children
79185,Action,Comedy,Romance
79224,Action,Children,Drama
79299,Comedy,Crime,Mystery
79357,Drama,Fantasy,Romance
79588,Drama,Fantasy,Romance
79695,Action,Adventure,Thriller
79702,Action,Comedy,Fantasy
79796,Action,Adventure,Drama
79868,Fantasy,Horror,Mystery
79879,Action,Horror,Thriller
80083,Action,Adventure,Animation
80219,Action,Adventure,Comedy
80363,Action,Horror,Sci-Fi
80489,Crime,Drama,Thriller
80584,Comedy,Drama,Romance
80586,Comedy,Drama,Romance
80615,Adventure,Animation,Fantasy
80727,Comedy,Crime,Drama
80736,Horror,Mystery,Thriller
80748,Adventure,Children,Fantasy
80831,Drama,Horror,Mystery
80844,Drama,Mystery,Thriller
80846,Horror,Mystery,Thriller
80969,Drama,Romance,Sci-Fi
81054,Comedy,Crime,Romance
81132,Action,Adventure,Comedy
81156,Action,Comedy,Documentary
81516,Adventure,Drama,Horror
81535,Horror,Mystery,Thriller
81562,Adventure,Drama,Thriller
81564,Action,Animation,Children
81782,Action,Drama,Thriller
81784,Comedy,Drama,Romance
81788,Crime,Drama,Romance
81834,Action,Adventure,Fantasy
81847,Animation,Children,Comedy
81949,Comedy,Drama,Romance
82150,Adventure,Comedy,Drama
82152,Drama,Fantasy,Romance
82167,Comedy,Drama,Romance
82169,Adventure,Children,Fantasy
82313,Crime,Drama,Film-Noir
82378,Drama,Mystery,Thriller
82461,Action,Adventure,Sci-Fi
82499,Comedy,Drama,Romance
82854,Adventure,Comedy,Fantasy
82931,Comedy,Drama,War
83086,Drama,Musical,Romance
83132,Animation,Children,Fantasy
83349,Action,Comedy,Crime
83374,Action,Fantasy,Western
83480,Adventure,Drama,Fantasy
83613,Action,Sci-Fi,Thriller
84187,Action,Animation,Drama
84312,Children,Comedy,Crime
84392,Crime,Drama,Thriller
84395,Drama,Horror,Thriller
84414,Action,Adventure,Animation
84601,Drama,Mystery,Thriller
84637,Adventure,Animation,Children
84772,Adventure,Comedy,Sci-Fi
84847,Comedy,Drama,Romance
84944,Action,Adventure,Animation
84954,Romance,Sci-Fi,Thriller
85020,Action,Drama,Thriller
85056,Action,Sci-Fi,Thriller
85131,Action,Sci-Fi,War
85179,Adventure,Animation,Comedy
85261,Action,Adventure,Animation
85342,Action,Crime,Drama
85397,Fantasy,Horror,Mystery
85401,Action,Comedy,Drama
85414,Action,Drama,Mystery
85510,Action,Fantasy,Thriller
85736,Adventure,Animation,Children
85780,Animation,Comedy,Sci-Fi
85788,Fantasy,Horror,Thriller
85796,Action,Adventure,Crime
86059,Animation,Children,Comedy
86190,Action,Adventure,Mystery
86298,Adventure,Animation,Children
86332,Action,Adventure,Drama
86644,Action,Crime,Drama
86721,Animation,Drama,Fantasy
86781,Drama,Mystery,War
86817,Comedy,Drama,Romance
86835,Action,Horror,Sci-Fi
86864,Adventure,Fantasy,Sci-Fi
86880,Action,Adventure,Fantasy
86882,Comedy,Fantasy,Romance
86892,Action,Crime,Thriller
86982,Action,Sci-Fi,Thriller
87192,Action,Comedy,Sci-Fi
87205,Drama,Horror,Thriller
87218,Crime,Drama,Film-Noir
87222,Action,Adventure,Animation
87232,Action,Adventure,Sci-Fi
87234,Comedy,Drama,Romance
87306,Mystery,Sci-Fi,Thriller
87383,Children,Musical,Romance
87430,Action,Adventure,Sci-Fi
87520,Action,Adventure,Sci-Fi
87522,Comedy,Drama,Romance
87529,Action,Adventure,Comedy
87598,Drama,Musical,Romance
87785,Action,Crime,Thriller
87876,Adventure,Animation,Children
87975,Crime,Drama,Mystery
88118,Crime,Drama,Thriller
88125,Action,Adventure,Drama
88129,Crime,Drama,Film-Noir
88140,Action,Adventure,Sci-Fi
88163,Comedy,Drama,Romance
88267,Animation,Children,Comedy
88356,Animation,Children,Comedy
88380,Comedy,Horror,Mystery
88744,Action,Drama,Sci-Fi
88812,Action,Comedy,Crime
88879,Action,Horror,Sci-Fi
88932,Horror,Thriller,IMAX
89000,Crime,Drama,Romance
89039,Drama,Romance,Sci-Fi
89087,Action,Adventure,Drama
89343,Action,Crime,Horror
89408,Comedy,Drama,Musical
89470,Sci-Fi,Thriller,IMAX
89745,Action,Adventure,Sci-Fi
89753,Drama,Film-Noir,Thriller
89837,Horror,Mystery,Thriller
89881,Children,Mystery,Sci-Fi
89904,Comedy,Drama,Romance
90061,Comedy,Drama,Romance
90249,Action,Drama,Sci-Fi
90343,Comedy,Drama,Musical
90345,Horror,Mystery,Sci-Fi
90405,Crime,Sci-Fi,Thriller
90522,Adventure,Comedy,Thriller
90524,Action,Drama,Mystery
90600,Action,Crime,Thriller
90603,Action,Animation,Crime
90647,Adventure,Animation,Comedy
90717,Action,Comedy,Crime
90738,Action,Crime,Drama
90746,Action,Animation,Mystery
90866,Children,Drama,Mystery
90870,Crime,Drama,Thriller
90888,Action,Drama,Fantasy
91094,Children,Comedy,Musical
91104,Adventure,Drama,Fantasy
91128,Comedy,Drama,Thriller
91273,Action,Drama,Fantasy
91286,Children,Comedy,Crime
91355,Adventure,Animation,Children
91414,Animation,Children,Comedy
91483,Action,Crime,Film-Noir
91488,Animation,Children,Musical
91500,Action,Adventure,Drama
91505,Drama,Romance,Sci-Fi
91529,Action,Adventure,Crime
91535,Action,Adventure,Drama
91542,Action,Adventure,Comedy
91630,Action,Adventure,Thriller
91660,Action,Horror,Sci-Fi
91842,Action,Crime,Drama
91974,Action,Fantasy,Horror
92198,Action,Drama,Thriller
92210,Adventure,Animation,Drama
92234,Action,Adventure,Drama
92264,Action,Comedy,Crime
92420,Action,Sci-Fi,Thriller
92507,Action,Crime,Mystery
92665,Comedy,Drama,Romance
92681,Action,Adventure,Comedy
92694,Drama,Romance,Sci-Fi
92938,Action,Fantasy,Thriller
93272,Animation,Fantasy,Musical
93326,Action,Comedy,Romance
93363,Action,Adventure,Sci-Fi
93510,Action,Comedy,Crime
93563,Action,Sci-Fi,Thriller
93766,Action,Adventure,Fantasy
93805,Action,Comedy,Sci-Fi
93840,Comedy,Horror,Sci-Fi
94015,Adventure,Comedy,Fantasy
94018,Action,Sci-Fi,Thriller
94478,Comedy,Horror,IMAX
94480,Action,Adventure,Fantasy
94777,Action,Comedy,Sci-Fi
94780,Action,Adventure,Drama
94799,Drama,Mystery,Sci-Fi
94833,Adventure,Animation,Children
94864,Action,Horror,Sci-Fi
94896,Comedy,Crime,Drama
94939,Comedy,Crime,Musical
94959,Comedy,Drama,Romance
94969,Crime,Drama,Thriller
95105,Adventure,Animation,Children
95147,Action,Adventure,Animation
95165,Action,Adventure,Animation
95167,Action,Adventure,Animation
95182,Action,Adventure,Animation
95199,Comedy,Drama,Romance
95207,Action,Fantasy,Horror
95307,Comedy,Drama,Musical
95309,Comedy,Drama,Romance
95311,Animation,Children,Comedy
95313,Adventure,Animation,Children
95377,Animation,Comedy,Musical
95443,Comedy,Drama,Romance
95473,Action,Adventure,Animation
95475,Action,Adventure,Animation
95499,Action,Adventure,Animation
95508,Crime,Drama,Thriller
95510,Action,Adventure,Sci-Fi
95543,Adventure,Animation,Comedy
95583,Crime,Drama,Thriller
95740,Children,Musical,Mystery
95780,Action,Adventure,Animation
95782,Action,Adventure,Animation
95858,Animation,Children,Comedy
95873,Comedy,Fantasy,Romance
95875,Action,Sci-Fi,Thriller
95963,Action,Adventure,Animation
95965,Action,Adventure,Animation
96004,Action,Adventure,Animation
96007,Action,Adventure,Animation
96079,Action,Adventure,Thriller
96281,Adventure,Animation,Comedy
96314,Comedy,Drama,Romance
96610,Action,Crime,Sci-Fi
96655,Comedy,Drama,Sci-Fi
96691,Action,Horror,Sci-Fi
96792,Adventure,Comedy,Fantasy
96811,Crime,Drama,Thriller
96832,Drama,Fantasy,Musical
96861,Action,Crime,Drama
97057,Adventure,Documentary,Drama
97225,Animation,Children,Comedy
97470,Action,Drama,Thriller
97593,Drama,Horror,Thriller
97742,Action,Crime,Mystery
97752,Drama,Sci-Fi,IMAX
97757,Action,Adventure,Comedy
97860,Crime,Drama,Thriller
97938,Adventure,Drama,IMAX
97957,Crime,Drama,Horror
98124,Action,Animation,Sci-Fi
98175,Comedy,Horror,Romance
98230,Comedy,Drama,Romance
98243,Adventure,Animation,Children
98296,Crime,Drama,Thriller
98369,Action,Sci-Fi,Thriller
98441,Children,Comedy,Drama
98458,Children,Comedy,Drama
98473,Drama,Mystery,Thriller
98491,Animation,Comedy,Romance
98604,Animation,Drama,Romance
98607,Action,Animation,Sci-Fi
98809,Adventure,Fantasy,IMAX
98961,Action,Drama,Thriller
99005,Action,Crime,Drama
99007,Comedy,Horror,Romance
99085,Comedy,Drama,Romance
99089,Adventure,Musical,Romance
99112,Action,Crime,Thriller
99114,Action,Drama,Western
99149,Drama,Musical,Romance
99320,Action,Adventure,Thriller
99437,Comedy,Fantasy,Horror
99470,Action,Horror,Thriller
99728,Action,Crime,Drama
99764,Animation,Comedy,Drama
99839,Comedy,Documentary,Musical
99917,Romance,Sci-Fi,Thriller
99992,Crime,Drama,Thriller
100163,Action,Fantasy,Horror
100383,Crime,Drama,Mystery
100487,Drama,Fantasy,Romance
100498,Action,Crime,Thriller
100527,Drama,Mystery,Romance
101025,Adventure,Fantasy,IMAX
101076,Action,Adventure,Sci-Fi
101088,Drama,Mystery,Thriller
101112,Action,Adventure,Fantasy
101142,Adventure,Animation,Comedy
101285,Comedy,Crime,Drama
101415,Comedy,Drama,Romance
101529,Comedy,Fantasy,Thriller
101577,Action,Adventure,Romance
101864,Action,Adventure,Sci-Fi
101884,Adventure,Drama,Thriller
102033,Action,Comedy,Crime
102125,Action,Sci-Fi,Thriller
102194,Adventure,Crime,Drama
102396,Drama,Mystery,Thriller
102445,Action,Adventure,Sci-Fi
102716,Action,Crime,Thriller
102720,Adventure,Animation,Fantasy
102753,Drama,Mystery,Romance
102880,Action,Adventure,Sci-Fi
102903,Crime,Mystery,Thriller
103042,Action,Adventure,Fantasy
103141,Adventure,Animation,Comedy
103210,Action,Adventure,Animation
103228,Action,Adventure,Sci-Fi
103249,Action,Drama,Horror
103253,Action,Drama,Sci-Fi
103335,Animation,Children,Comedy
103339,Action,Drama,Thriller
103341,Action,Comedy,Sci-Fi
103372,Action,Comedy,Crime
103384,Action,Adventure,Western
103449,Crime,Drama,Mystery
103539,Comedy,Drama,Romance
103655,Action,Comedy,Fantasy
103659,Action,Adventure,Animation
103755,Adventure,Animation,Children
103772,Action,Adventure,Fantasy
103801,Comedy,Drama,Romance
103810,Action,Comedy,Crime
103883,Action,Comedy,Crime
104074,Adventure,Children,Fantasy
104076,Animation,Children,Comedy
104241,Action,Comedy,Crime
104243,Action,Sci-Fi,Thriller
104245,Adventure,Animation,Comedy
104283,Animation,Drama,Romance
104312,Action,Adventure,Drama
104374,Drama,Fantasy,Romance
104419,Action,Animation,Sci-Fi
104441,Crime,Drama,Thriller
104841,Action,Sci-Fi,IMAX
104863,Comedy,Drama,Romance
104879,Drama,Mystery,Thriller
104925,Action,Comedy,Crime
105121,Action,Drama,War
105211,Comedy,Drama,Romance
105213,Comedy,Drama,Romance
105351,Crime,Drama,Thriller
105468,Animation,Children,Comedy
105504,Adventure,Drama,Thriller
105585,Action,Crime,Thriller
105593,Comedy,Crime,Drama
105755,Crime,Drama,Thriller
105954,Action,Adventure,Drama
106002,Action,Adventure,Sci-Fi
106004,Crime,Horror,Mystery
106022,Animation,Children,Comedy
106072,Action,Adventure,Fantasy
106330,Comedy,Drama,Romance
106397,Comedy,Documentary,Drama
106441,Children,Drama,War
106471,Action,Adventure,Animation
106473,Action,Adventure,Animation
106487,Action,Adventure,Sci-Fi
106489,Adventure,Fantasy,IMAX
106491,Action,Adventure,Fantasy
106542,Action,Comedy,Romance
106642,Adventure,Drama,Sci-Fi
106696,Adventure,Animation,Comedy
106762,Action,Animation,Sci-Fi
106782,Comedy,Crime,Drama
106873,Action,Animation,Drama
106918,Adventure,Comedy,Drama
106920,Drama,Romance,Sci-Fi
107057,Comedy,Drama,Horror
107069,Action,Drama,Thriller
107083,Comedy,Drama,Romance
107314,Action,Drama,Mystery
107406,Action,Drama,Sci-Fi
107555,Drama,Mystery,Romance
107771,Drama,Horror,Romance
107953,Action,Animation,Fantasy
108090,Action,Adventure,Animation
108188,Action,Drama,Thriller
108190,Adventure,Romance,Sci-Fi
108514,Comedy,Drama,Musical
108689,Action,Fantasy,Sci-Fi
108795,Action,Adventure,Animation
108873,Comedy,Drama,Romance
108928,Action,Drama,War
108932,Action,Adventure,Animation
108945,Action,Crime,Sci-Fi
108979,Action,Adventure,Animation
109042,Adventure,Comedy,Fantasy
109074,Action,Crime,Fantasy
109187,Drama,Fantasy,Sci-Fi
109191,Drama,Fantasy,Mystery
109295,Crime,Drama,Thriller
109578,Action,Mystery,Thriller
109673,Action,Drama,War
109846,Adventure,Animation,Comedy
109848,Horror,Sci-Fi,Thriller
109850,Action,Crime,Drama
109853,Comedy,Drama,Romance
109864,Comedy,Crime,Drama
110102,Action,Adventure,Sci-Fi
110127,Adventure,Drama,IMAX
110297,Adventure,Comedy,Crime
110352,Adventure,Drama,Horror
110461,Children,Comedy,Drama
110501,Action,Crime,Thriller
110553,Action,Sci-Fi,IMAX
110655,Adventure,Animation,Children
110730,Drama,Sci-Fi,IMAX
110748,Drama,Horror,Mystery
110781,Action,Animation,Children
110826,Action,Crime,Drama
110873,Adventure,Comedy,Drama
111362,Action,Adventure,Sci-Fi
111364,Action,Adventure,Sci-Fi
111659,Action,Adventure,Children
111663,Action,Comedy,Horror
111759,Action,Sci-Fi,IMAX
111781,Action,Adventure,Thriller
112006,Action,Animation,Children
112138,Action,Comedy,Crime
112171,Action,Crime,Thriller
112175,Action,Adventure,Animation
112370,Action,Adventure,Sci-Fi
112421,Comedy,Drama,Mystery
112460,Adventure,Animation,Comedy
112515,Drama,Horror,Thriller
112577,Comedy,Drama,Romance
112749,Comedy,Drama,Romance
112818,Action,Horror,Thriller
112850,Comedy,Drama,Romance
112852,Action,Adventure,Sci-Fi
113225,Comedy,Drama,Romance
113252,Comedy,Horror,Thriller
113345,Action,Adventure,Sci-Fi
113348,Action,Adventure,Comedy
113416,Action,Crime,Drama
113573,Action,Crime,Thriller
113741,Drama,Mystery,Sci-Fi
113829,Comedy,Drama,Romance
114060,Crime,Drama,Thriller
114180,Action,Mystery,Sci-Fi
114459,Drama,Romance,Thriller
114464,Crime,Drama,Thriller
114552,Adventure,Animation,Children
114670,Comedy,Drama,Horror
114795,Action,Drama,Fantasy
114818,Action,Comedy,Crime
114925,Crime,Drama,Thriller
114935,Action,Mystery,Sci-Fi
115210,Action,Drama,War
115569,Crime,Drama,Thriller
115617,Action,Animation,Comedy
115664,Adventure,Animation,Romance
115680,Crime,Drama,Sci-Fi
115713,Drama,Sci-Fi,Thriller
115927,Action,Animation,Children
116207,Crime,Drama,Thriller
116419,Action,Comedy,Crime
116797,Drama,Thriller,War
116799,Comedy,Crime,Drama
116823,Adventure,Sci-Fi,Thriller
116887,Action,Adventure,Drama
116897,Comedy,Drama,Thriller
116939,Action,Animation,Comedy
117121,Drama,Horror,Mystery
117444,Animation,Children,Fantasy
117529,Action,Adventure,Drama
117851,Adventure,Animation,Children
117871,Action,Drama,War
118082,Comedy,Crime,Thriller
118326,Crime,Drama,Thriller
118334,Horror,Mystery,Thriller
118354,Crime,Drama,Mystery
118880,Horror,Romance,Thriller
118898,Action,Crime,Drama
118997,Children,Comedy,Fantasy
119145,Action,Adventure,Comedy
119155,Adventure,Children,Comedy
119655,Adventure,Children,Fantasy
120392,Comedy,Drama,Romance
120635,Action,Crime,Thriller
120637,Action,Crime,Drama
120783,Action,Crime,Drama
120799,Action,Adventure,Sci-Fi
121126,Horror,Mystery,Thriller
122490,Action,Drama,Thriller
122882,Action,Adventure,Sci-Fi
122886,Action,Adventure,Fantasy
122890,Action,Adventure,Fantasy
122892,Action,Adventure,Sci-Fi
122900,Action,Adventure,Sci-Fi
122902,Action,Adventure,Fantasy
122904,Action,Adventure,Comedy
122920,Action,Sci-Fi,Thriller
122924,Action,Adventure,Fantasy
122932,Children,Comedy,Romance
124859,Crime,Drama,Thriller
126006,Animation,Children,Fantasy
126430,Action,Adventure,Drama
127052,Comedy,Crime,Romance
127136,Drama,Mystery,Thriller
128235,Comedy,Documentary,Drama
128512,Drama,Mystery,Romance
129191,Comedy,Drama,Fantasy
129354,Comedy,Crime,Drama
129937,Action,Crime,Drama
130073,Children,Drama,Fantasy
130083,Action,Crime,Drama
130087,Comedy,Drama,Fantasy
130450,Adventure,Children,Fantasy
130490,Action,Sci-Fi,Thriller
130520,Adventure,Animation,Children
130634,Action,Crime,Thriller
130642,Drama,Horror,Thriller
132046,Action,Adventure,Children
132157,Action,Comedy,Crime
132462,Action,Adventure,Drama
132480,Drama,Fantasy,Romance
132618,Action,Crime,Drama
132796,Action,Drama,Thriller
133195,Action,Crime,Thriller
133377,Horror,Sci-Fi,Thriller
133771,Comedy,Romance,Sci-Fi
133782,Drama,Horror,Thriller
134130,Adventure,Drama,Sci-Fi
134170,Action,Comedy,Fantasy
134368,Action,Comedy,Crime
134528,Comedy,Drama,Romance
134853,Adventure,Animation,Children
135137,Action,Comedy,Sci-Fi
135264,Adventure,Children,Comedy
135266,Adventure,Children,Comedy
135268,Adventure,Children,Comedy
135518,Action,Mystery,Sci-Fi
135532,Action,Adventure,Fantasy
135536,Action,Crime,Sci-Fi
135567,Action,Adventure,Sci-Fi
135569,Action,Adventure,Sci-Fi
135887,Adventure,Animation,Children
136016,Adventure,Animation,Children
136020,Action,Adventure,Crime
136449,Action,Animation,Sci-Fi
136800,Action,Adventure,Sci-Fi
136864,Action,Adventure,Fantasy
137857,Adventure,Drama,Fantasy
138036,Action,Adventure,Comedy
138208,Adventure,Drama,Thriller
138696,Comedy,Drama,Romance
139130,Action,Adventure,Animation
139620,Adventure,Children,Comedy
139644,Crime,Drama,Mystery
139855,Animation,Comedy,Fantasy
140152,Children,Crime,Documentary
140711,Action,Comedy,Sci-Fi
140745,Comedy,Drama,Romance
140747,Children,Drama,Fantasy
140751,Comedy,Drama,Sci-Fi
140759,Comedy,Drama,Romance
141956,Drama,Horror,Thriller
142192,Crime,Drama,Mystery
142448,Adventure,Drama,Thriller
143255,Mystery,Sci-Fi,Thriller
143472,Action,Horror,Thriller
144620,Adventure,Comedy,Horror
145150,Comedy,Drama,Thriller
145935,Adventure,Animation,Children
146309,Action,Adventure,Animation
146443,Comedy,Drama,Romance
146604,Comedy,Drama,Romance
146688,Fantasy,Mystery,Thriller
147010,Drama,Fantasy,Romance
147426,Action,Crime,Drama
147845,Comedy,Drama,Thriller
148168,Action,Comedy,Drama
149406,Action,Adventure,Animation
149612,Action,Drama,Thriller
149830,Comedy,Horror,Romance
150548,Action,Crime,Drama
152079,Action,Crime,Thriller
152081,Action,Adventure,Animation
155064,Drama,Horror,Mystery
156025,Adventure,Animation,Children
156607,Action,Adventure,Drama
157296,Adventure,Animation,Comedy
157407,Action,Crime,Drama
158238,Crime,Mystery,Thriller
158783,Drama,Romance,Thriller
158956,Action,Horror,Sci-Fi
159093,Action,Comedy,Thriller
159690,Action,Adventure,Comedy
159972,Drama,Sci-Fi,Thriller
160080,Action,Comedy,Horror
160565,Action,Horror,Sci-Fi
161594,Action,Adventure,Animation
161830,Drama,Horror,Thriller
161918,Action,Adventure,Horror
162672,Adventure,Drama,Romance
163056,Action,Adventure,Fantasy
