CustomerId,CreditScore,Geography,Gender,Age,Tenure,Balance,NumOfProducts,HasCrCard,IsActiveMember,EstimatedSalary,Loan
1152345,350,Spain,Male,54,1,152677.48,1,1,1,191973.49,1
1152346,350,Germany,Male,39,0,109733.2,2,0,0,123602.11,1
1152347,350,France,Male,51,10,0,1,1,1,125823.79,1
1152348,350,France,Female,35,3,0,1,0,0,113796.15,1
1152349,350,France,Female,59,0,111098.85,1,1,1,172321.21,1
1152350,351,Germany,Female,35,4,163146.46,1,1,0,169621.69,1
1152351,358,Spain,Female,37,8,143542.36,3,1,0,141959.11,1
1152352,359,France,Female,35,6,128747.69,1,1,0,146955.71,1
1152353,363,Spain,Female,41,6,146098.43,3,1,0,100615.14,1
1152354,365,Germany,Male,35,0,127760.07,1,1,0,81537.85,1
1152355,367,Spain,,38,6,93608.28,1,1,0,168816.73,1
1152356,373,France,,46,7,0,1,1,0,77786.37,1
1152357,376,France,Female,35,6,0,1,1,0,157333.69,1
1152358,376,Germany,Female,41,4,115046.74,4,1,0,119346.88,1
1152359,382,Spain,,35,0,0,1,1,1,179540.73,1
1152360,383,Spain,Female,37,8,95808.19,1,0,0,137702.01,1
1152361,386,Spain,Female,36,1,131955.07,1,1,1,62514.65,1
1152362,395,Germany,Female,39,5,106011.59,1,1,1,17376.57,1
1152363,399,Germany,,35,2,127655.22,1,1,0,139994.68,1
1152364,401,Germany,,38,8,128140.17,1,1,0,175753.55,1
1152365,404,Germany,Female,49,4,125456.07,1,1,0,83715.66,1
1152366,405,Germany,,44,5,133299.67,2,1,1,72950.14,0
1152367,405,France,,38,10,0,1,1,0,160810.85,1
1152368,407,Spain,,37,1,0,1,1,1,49161.12,1
1152369,408,France,Female,36,8,87873.39,1,0,0,188484.52,1
1152370,408,France,,36,3,0,2,0,0,124874.23,0
1152371,410,Germany,Female,45,2,102278.79,2,1,0,89822.48,0
1152372,410,France,Female,43,7,117183.74,1,1,1,109733.73,0
1152373,410,France,,43,6,125789.69,1,0,0,66333.56,1
1152374,411,France,,47,0,59697.17,2,1,1,53483.21,0
1152375,411,France,Female,44,10,0,1,0,0,120694.35,0
1152376,411,France,Female,42,2,0,2,1,1,93825.78,0
1152377,411,France,Female,36,9,0,1,0,1,76621.49,0
1152378,412,France,,48,5,0,2,0,0,12510.53,0
1152379,413,France,,35,9,0,2,0,0,6534.18,0
1152380,413,Spain,,39,2,0,2,1,1,60972.84,0
1152381,413,Germany,,48,1,130969.77,2,1,1,158891.79,0
1152382,414,France,,35,8,0,1,0,1,77661.12,1
1152383,414,Spain,,39,3,0,2,1,1,93844.82,0
1152384,415,France,,40,5,145807.59,1,1,1,3064.65,0
1152385,415,France,,38,9,134950.19,3,0,0,178587.36,1
1152386,415,Spain,,50,5,167259.44,1,1,1,22357.25,0
1152387,416,Germany,Female,41,10,122189.66,2,1,0,98301.61,0
1152388,416,France,,50,0,0,2,0,1,878.87,0
1152389,416,Germany,Female,44,0,97738.97,2,1,1,160523.33,0
1152390,416,Spain,,47,8,0,1,0,0,119712.78,0
1152391,417,France,,41,7,0,2,1,0,55003.79,0
1152392,418,France,Female,40,2,0,2,0,0,9041.71,0
1152393,418,France,,41,7,90145.04,1,1,1,69157.93,0
1152394,418,France,,35,8,155973.88,1,1,0,154208.96,0
1152395,418,France,,40,7,98738.92,1,1,0,122190.22,0
1152396,418,France,Female,37,9,0,1,1,1,81014.5,1
1152397,418,France,,36,7,0,2,1,1,88878.15,0
1154785,582,France,,38,4,0,1,1,1,55763.66,0
1155028,589,Germany,Female,36,2,121093.29,2,1,0,3529.72,0
1155238,595,France,,52,4,95830.43,1,1,0,177738.98,0
1155263,596,Spain,,38,3,187294.46,1,1,0,103456.47,0
1155327,598,Germany,,48,8,180293.84,2,1,1,29552.7,0
1155445,601,Spain,Female,36,9,122446.61,2,1,0,86791.9,0
1155841,613,Germany,Female,35,0,117356.19,1,0,0,113557.7,1
1155846,613,France,,39,3,0,2,1,1,149613.77,0
1156726,636,France,Female,35,10,124266.86,1,0,0,100566.81,0
1156876,640,France,Female,41,4,0,2,0,1,78310.82,0
1156993,643,Spain,Female,36,0,133313.34,1,1,1,3965.69,0
1157227,649,Spain,,37,5,0,2,1,1,58309.54,0
1157267,650,Spain,,38,8,0,2,1,1,113469.65,0
1157467,655,France,Female,47,7,134397.61,1,0,0,28029.54,0
1157591,658,France,,42,7,0,2,0,0,187638.34,0
1157633,659,France,,36,8,0,2,0,0,112572.02,0
1157660,660,France,Female,38,6,167685.56,1,1,0,57929.9,0
1157724,661,Spain,,45,8,0,1,1,0,110252.53,0
1157746,662,Spain,,39,9,104508.77,2,0,0,73107.53,0
1158067,670,Spain,Female,41,4,0,2,1,0,119759.24,0
1158260,676,France,,35,1,80569.73,1,0,0,68621.98,0
1158674,685,France,,37,4,104719.94,2,1,0,38691.34,0
1158803,688,France,,36,8,137624.4,2,1,1,197582.79,0
1152398,419,Spain,Female,59,2,121580.42,1,0,1,134720.51,0
1152399,420,Germany,Female,41,1,135549.9,1,0,0,149471.13,1
1152400,420,Spain,Female,43,4,91893.32,1,1,0,144870.28,1
1152401,420,Germany,Female,37,1,108377.75,2,1,1,9904.63,0
1152402,421,Germany,,42,8,122384.22,3,1,1,89017.38,1
1152403,421,Spain,,39,6,90723.36,1,1,1,12162.76,0
1152404,421,France,,42,2,0,2,1,1,96615.23,0
1152405,422,France,Female,46,2,0,2,1,0,102655.31,0
1152406,422,France,,39,6,153238.88,1,1,0,11663.09,0
1152407,422,France,,42,3,140014.42,1,0,1,86350.97,0
1152408,422,Spain,Female,39,4,0,2,1,1,7166.71,0
1152409,423,France,Female,39,5,97665.61,1,1,0,118372.55,1
1152410,424,Spain,,35,7,0,1,1,1,16250.61,0
1152411,425,Spain,Female,49,7,169649.73,2,0,1,136365,1
1152412,425,France,,39,4,0,2,1,0,197226.32,0
1152413,425,Spain,Female,39,5,0,2,1,0,140941.47,0
1152414,425,Germany,,40,9,166776.6,2,0,1,172646.88,0
1152415,426,France,Female,34,3,0,2,1,1,61230.83,0
1152416,426,France,,34,9,0,2,1,0,107876.91,0
1152417,427,France,,29,1,141325.56,1,1,1,93839.3,0
1152418,427,France,,33,8,0,1,1,1,13858.95,0
1152419,427,France,,37,5,0,2,1,1,121485.1,0
1152420,427,Spain,Female,39,9,0,2,1,0,28368.37,0
1152421,427,Spain,,40,8,0,2,1,1,82870.75,0
1152422,427,Germany,,42,1,75681.52,1,1,1,57098,0
1152423,428,France,Female,31,2,0,2,1,0,54487.43,0
1152424,428,Germany,Female,40,3,129248.11,2,1,0,72876.43,1
1152425,428,France,Female,37,1,107735.93,1,0,1,58381.77,0
1152426,429,France,,35,4,95741.75,1,1,0,46170.75,0
1152427,429,France,Female,41,6,117307.44,2,1,1,24020.49,0
1152428,429,France,,35,7,0,2,1,1,163691.48,0
1152429,429,France,Female,38,6,48023.83,1,1,0,74870.99,0
1152430,430,France,,46,1,118894.22,1,0,0,2923.61,0
1152431,430,Germany,,35,1,138992.48,2,0,0,122373.42,0
1152432,430,France,Male,41,9,0,2,1,1,12050.77,0
1152433,430,France,Female,35,8,0,1,1,1,69759.91,0
1152434,430,Germany,Female,37,6,135392.31,2,1,1,172852.06,1
1152435,430,France,Male,36,5,0,1,1,0,95655.16,0
1152436,430,France,Female,39,7,73937.02,1,1,0,161937.62,1
1152437,430,Germany,Male,35,3,137115.16,1,1,0,146516.86,1
1152438,430,Germany,Female,38,8,153058.64,1,1,0,99377.27,0
1152439,431,France,Male,49,0,120764.08,1,1,1,117023.08,0
1152440,431,Germany,Female,44,2,138843.7,1,1,0,37688.31,1
1152441,431,France,Male,38,6,160982.89,1,1,1,168008.17,0
1152442,431,Germany,Male,37,8,120822.86,2,1,0,126153.24,0
1152443,431,Germany,Male,36,5,83624.55,2,0,0,36899.62,0
1152444,432,France,Male,36,9,152603.45,1,1,0,110265.24,1
1152445,432,Spain,Male,45,7,0,2,1,0,150580.88,0
1152446,432,Germany,Female,43,3,110219.14,1,1,0,43046.7,1
1152447,432,Germany,Male,43,2,135559.8,2,1,1,71856.3,0
1152448,432,France,Female,47,6,62339.81,2,0,0,53874.67,0
1152449,433,Spain,Male,44,2,0,2,1,1,153698.65,0
1152450,433,France,Female,42,10,0,1,1,1,87711.61,0
1152451,433,Spain,Male,36,9,152806.74,1,1,0,19687.99,0
1152452,434,Germany,Female,48,9,125801.03,2,1,0,60891.8,1
1152453,434,Germany,Male,35,8,109339.17,2,1,0,96405.88,1
1152454,434,Spain,Male,39,3,0,1,1,1,2739.71,0
1152455,434,Germany,Male,48,9,119496.87,1,1,0,125848.88,0
1152456,434,Spain,Male,35,6,0,1,0,1,73562.05,1
1152457,434,France,Male,39,4,108128.52,1,0,1,56784.11,0
1152458,435,France,Male,40,4,0,1,1,1,197015.2,0
1152459,435,Germany,Male,38,2,57017.06,2,1,1,5907.11,0
1152460,435,Germany,Male,50,8,114346.3,1,0,1,980.93,1
1152461,435,Germany,Male,41,3,151739.65,1,1,0,167461.5,0
1152462,435,France,Male,50,3,0,1,1,0,156910.46,1
1152463,436,Spain,Male,44,5,0,2,1,1,35687.43,0
1152464,436,Germany,Male,47,3,104339.11,2,1,1,183540.22,1
1152465,437,Spain,Male,41,2,109161.25,1,1,0,152987.42,0
1152466,437,France,Female,40,0,102721.49,1,0,0,22191.82,0
1152467,437,France,Male,41,9,111634.29,2,0,1,166440.32,0
1152468,437,France,Female,35,1,120923.52,1,0,1,78854.57,0
1152469,437,France,Female,40,6,0,1,1,0,148330.97,1
1152470,437,Germany,Male,37,6,126803.34,2,1,1,161133.4,0
1152471,438,Germany,Male,36,8,78398.69,1,1,0,44937.01,0
1152472,438,Spain,Female,38,2,0,1,0,0,191763.07,1
1152473,438,France,Female,36,4,0,2,1,0,64420.5,0
1152474,438,Germany,Male,52,7,127197.14,1,1,0,51565.98,1
1152475,438,France,Male,38,2,0,2,1,0,136859.55,0
1152476,438,France,Male,48,7,78391.17,1,0,1,49424.6,0
1152477,439,Spain,Female,36,3,138901.61,1,1,0,75685.97,0
1152478,439,France,Male,35,7,110976.23,2,1,0,138526.96,0
1152479,439,France,Female,39,8,0,1,0,1,104889.3,0
1152480,439,France,Female,35,6,156569.43,1,1,0,180598.66,0
1152481,439,Spain,Male,41,3,96196.24,4,1,0,198874.52,1
1152482,439,France,Male,36,2,165536.28,2,1,1,123956.83,0
1152483,439,France,Female,37,9,0,1,1,0,65535.56,0
1152484,440,France,Male,38,2,0,2,1,0,49826.68,0
1152485,441,France,Male,47,1,140614.15,1,0,1,174381.23,0
1152486,442,France,Male,42,4,0,2,1,0,68343.08,0
1152487,443,Germany,Female,36,9,99027.61,2,1,0,10940.4,0
1152488,443,Spain,Male,38,6,70438.01,2,0,1,56937.43,0
1152489,443,Germany,Male,45,3,117206.3,1,1,0,42840.18,1
1152490,443,France,Female,39,3,138547.97,1,1,1,70196.23,1
1152491,443,Germany,Male,41,4,110939.3,1,1,0,72846.58,1
1152492,443,France,Female,35,9,108308,1,1,0,129031.19,1
1152493,443,France,Male,37,2,0,1,1,0,159165.7,0
1152494,443,France,Male,36,6,161111.45,1,0,0,13946.66,0
1152495,444,France,Male,59,6,0,1,1,0,130009.85,1
1152496,444,France,Female,41,5,84350.07,1,1,0,143835.76,0
1152497,444,France,Female,43,4,0,2,1,0,161653.5,1
1152498,444,France,Male,37,7,0,2,0,1,138743.86,0
1152499,444,France,Male,42,2,144318.97,1,1,0,112668.06,0
1152500,444,France,Male,39,3,0,2,1,1,159131.21,0
1152501,445,Spain,Male,42,1,64119.38,1,1,1,76569.64,1
1152502,445,Germany,Female,46,7,131082.17,2,1,1,70618,0
1152503,445,Germany,Female,39,6,119413.62,2,1,0,175756.36,0
1152504,445,France,Female,42,3,0,2,1,1,127939.19,0
1152505,445,Spain,Male,39,10,0,2,0,1,90977.48,0
1152506,445,France,Male,39,7,145056.59,1,1,1,175893.53,0
1152508,445,Germany,Female,35,7,168286.58,1,1,0,16645.77,1
1152509,445,France,Male,49,6,0,2,1,0,119425.94,0
1152510,445,France,Female,33,7,0,2,1,0,122625.68,0
1152511,445,Germany,Female,36,2,137655.31,1,0,1,29909.84,0
1152512,445,France,Male,39,2,136770.67,1,0,1,43678.06,0
1152513,446,France,Male,35,8,0,2,0,0,133292.94,0
1152514,446,France,Female,38,4,105056.13,1,0,0,70613.52,0
1152515,446,France,Female,49,1,90217.07,1,1,0,191350.48,0
1152516,446,Germany,Male,44,3,136202.78,1,1,0,176743.51,0
1152517,446,Spain,Female,38,10,125191.69,1,1,1,128260.86,1
1152518,447,France,Male,37,2,0,2,1,0,33879.26,1
1152519,447,France,Female,36,10,0,1,1,1,151815.76,0
1152520,447,France,Female,36,5,89188.83,1,1,1,75408.24,0
1152521,447,France,Male,45,3,0,4,1,1,197490.39,1
1152522,448,Spain,Male,25,2,0,2,0,0,95215.73,0
1152523,448,France,Female,36,6,83947.12,2,1,0,81999.53,0
1152524,449,France,Male,52,6,0,2,0,1,123622,0
1152526,449,Spain,Female,31,1,113693,1,0,0,82796.29,0
1152527,449,Spain,Female,33,8,0,2,0,0,156792.89,0
1152528,449,Spain,Male,32,0,155619.36,1,1,1,166692.03,0
1152529,449,France,Female,21,7,0,2,0,0,175743.92,0
1152530,450,Spain,Female,46,5,177619.71,1,1,0,54227.06,0
1152531,450,Spain,Female,34,2,0,2,1,0,175480.93,0
1152532,450,France,Male,29,7,117199.8,1,1,1,43480.63,0
1152533,450,Spain,Male,25,9,74237.2,2,0,1,195463.35,0
1152534,451,Spain,Female,23,9,0,2,0,1,48021.71,0
1152535,451,Germany,Female,38,9,61482.47,1,1,1,167538.66,0
1152536,451,France,Male,33,6,0,2,1,0,184954.11,0
1152537,451,France,Female,36,2,0,2,1,1,180142.42,0
1152538,451,France,Female,31,7,140931.82,1,0,1,20388.77,0
1152539,452,France,Female,32,5,0,2,0,1,75279.39,0
1152540,452,France,Male,35,4,148172.44,1,1,1,4175.68,0
1152541,452,France,Male,30,7,112935.87,1,1,1,99017.34,0
1152542,452,Spain,Male,44,3,88915.85,1,1,0,69697.74,0
1152543,452,France,Female,60,6,121730.49,1,1,1,142963.29,0
1152544,452,Germany,Male,33,7,153663.27,1,1,0,111868.23,0
1152545,452,France,Female,35,7,0,2,1,0,164241.67,0
1152546,452,Germany,Male,52,1,98443.14,2,0,0,92033.98,0
1152547,452,France,Female,33,6,131698.57,2,1,0,151623.91,0
1152548,452,France,Female,35,8,0,2,1,1,149614.81,0
1152549,453,Germany,Female,38,8,120623.21,1,1,0,129697.99,0
1152550,453,France,Male,29,6,0,1,0,0,198376.02,1
1152551,453,Spain,Female,42,5,0,3,1,0,83008.49,1
1152553,453,Germany,Female,40,1,111524.49,1,1,1,120373.84,1
1152554,453,Germany,Female,28,3,139986.65,1,1,0,136846.75,0
1152555,454,Spain,Male,40,2,123177.01,1,1,0,148309.98,0
1152556,454,Spain,Female,48,5,144837.79,1,1,1,93151.77,0
1152557,454,Germany,Female,50,10,92895.56,1,1,0,154344,1
1152558,454,France,Male,34,4,0,2,1,0,198817.72,0
1152559,455,Spain,Female,43,6,0,1,1,1,81250.79,0
1152561,455,France,Male,40,1,0,3,0,1,129975.34,0
1152562,455,France,Female,27,5,155879.09,2,0,0,70774.97,0
1152563,456,Spain,Male,32,9,147506.25,1,1,1,135399.21,0
1152564,456,Germany,Male,32,9,133060.63,1,1,1,125167.92,0
1152565,456,France,Female,33,1,188285.68,1,0,0,58363.94,0
1152566,456,France,Female,44,1,165350.61,2,0,0,140758.07,1
1152567,456,France,Male,29,5,107000.49,1,1,1,153419.62,0
1152568,457,France,Male,41,8,73700.12,3,1,1,185750.02,1
1152569,457,Germany,Male,42,4,126772.57,1,0,1,126106.4,0
1152570,457,Spain,Male,44,7,0,2,0,0,185992.36,0
1152571,457,France,Female,33,7,127837.54,1,0,1,60013.17,0
1152572,457,France,Male,40,10,134320.23,2,1,0,150757.35,0
1152573,457,France,Female,38,7,164496.99,1,1,1,163327.27,0
1152574,457,Spain,Female,38,6,0,2,1,0,173219.09,0
1152575,458,France,Female,39,9,0,2,1,0,116343.09,0
1152576,458,Spain,Female,35,5,166492.48,1,1,0,135287.74,0
1152577,458,Germany,Male,35,9,146780.52,2,1,1,3476.38,0
1152578,458,Spain,Male,36,5,0,2,1,0,79723.78,0
1152579,458,Germany,Male,44,7,84386.57,1,1,0,178642.73,0
1152580,458,Germany,Female,43,1,106870.12,2,1,0,100564.37,0
1152581,458,Germany,Female,28,2,171932.26,2,1,1,9578.24,0
1152582,459,Germany,Male,48,4,133994.52,1,1,1,19287.06,1
1152583,459,Spain,Female,42,6,129634.25,2,1,1,177683.02,1
1152584,459,Germany,Male,46,7,110356.42,1,1,0,4969.13,1
1152585,459,Germany,Male,50,5,109387.9,1,1,0,155721.15,0
1152586,459,France,Male,26,4,149879.66,1,0,0,50016.17,0
1152587,460,Germany,Female,35,8,102742.91,2,1,1,189339.6,0
1152588,460,Germany,Male,46,4,127559.97,2,1,1,126952.5,0
1152589,460,Germany,Female,40,6,119507.58,2,1,0,91560.63,1
1152590,460,France,Female,27,7,0,2,1,0,156150.08,1
1152591,461,Germany,Female,34,5,63663.93,1,0,1,167784.28,0
1152592,461,Spain,Female,35,8,0,1,1,0,132295.95,0
1152593,461,France,Female,28,8,0,1,1,1,103349.74,0
1152594,461,France,Male,51,9,119889.84,1,0,0,56767.67,1
1152595,461,France,Female,40,7,0,2,1,0,176547.8,0
1152596,461,Spain,Female,25,6,0,2,1,1,15306.29,0
1152597,461,France,Female,35,5,0,1,1,1,54209.02,0
1152598,461,Germany,Female,44,1,186445.31,2,1,1,196767.83,0
1152599,462,Germany,Female,24,9,69881.09,2,0,1,64421.02,0
1152600,462,Germany,Male,34,1,94682.56,2,1,0,138478.2,0
1152601,462,France,Male,39,4,140133.08,2,0,0,131304.45,0
1152602,462,France,Male,27,4,176913.52,1,1,0,80587.27,0
1152603,463,France,Male,35,2,101257.16,1,1,1,118113.64,0
1152604,463,Germany,Female,41,8,123151.51,2,1,0,70127.93,0
1152605,463,Spain,Male,20,8,204223.03,1,1,0,128268.39,0
1152606,463,Spain,Female,35,2,0,2,1,1,1950.93,0
1152607,464,Germany,Female,42,3,85679.25,1,1,1,164104.74,0
1152608,464,Germany,Male,33,8,164284.72,2,1,1,3710.34,0
1152609,464,Spain,Female,34,5,76001.57,1,1,1,158668.87,0
1152610,464,France,Female,33,10,147493.7,2,1,0,100447.53,0
1152611,464,France,Male,38,3,116439.65,1,1,0,75574.48,0
1152613,464,France,Male,46,6,161798.53,1,1,0,182944.47,0
1152614,465,France,Female,51,8,122522.32,1,0,0,181297.65,1
1152615,465,France,Male,25,2,78247.31,2,1,1,10472.31,0
1152616,465,France,Male,41,9,117221.15,1,1,0,168280.95,0
1152617,465,France,Male,33,5,0,2,0,1,78698.09,0
1152618,465,France,Male,33,8,0,2,1,0,177668.55,0
1152619,465,Spain,Female,33,6,0,2,1,1,95500.98,0
1152620,465,Germany,Male,24,5,117154.9,1,1,1,127744.02,0
1152621,465,Germany,Male,53,1,117438.17,1,0,0,74898.8,1
1152622,465,Germany,Male,24,6,156007.09,1,1,0,191368.37,0
1152623,466,France,Female,36,5,119540.15,1,0,1,80603.99,0
1152624,466,Germany,Female,56,2,111920.13,3,1,0,197634.11,1
1152625,466,France,Male,40,4,91592.06,1,1,0,141210.18,1
1152626,466,France,Male,29,6,0,2,1,1,2797.27,0
1152627,466,France,Female,41,3,33563.95,2,1,0,178994.13,1
1152628,466,France,Male,26,3,156815.71,1,1,1,137476.09,0
1152629,466,Germany,Male,41,2,152102.18,2,1,0,181879.56,0
1152630,466,France,Male,26,9,105522.06,1,1,0,10842.46,0
1152631,466,France,Female,30,3,0,1,1,0,193984.6,0
1152632,466,Germany,Female,47,5,102085.72,1,1,1,183536.24,1
1152633,467,France,Male,57,1,0,2,1,1,114448.77,0
1152634,467,Germany,Male,51,10,114514.71,2,1,0,177784.68,1
1152635,467,Spain,Male,39,5,0,2,1,1,7415.96,0
1152636,467,Germany,Male,28,10,126315.26,1,1,0,32349.29,1
1152637,468,Germany,Male,29,1,111681.98,2,1,1,195711.16,0
1152638,468,France,Female,56,10,0,3,0,1,62256.87,1
1152639,468,France,Female,42,5,0,2,1,0,125305.34,0
1152640,468,Germany,Male,42,9,181627.14,2,1,0,172668.39,0
1152641,468,Spain,Male,28,3,0,2,1,0,170661.02,0
1152642,468,France,Male,36,3,61636.97,1,0,0,107787.42,0
1152643,468,France,Male,46,7,91443.75,1,1,0,10958.18,0
1152644,468,France,Female,32,8,137649.47,1,0,0,198714.29,0
1152645,468,France,Male,22,2,0,2,1,0,28123.99,0
1152646,468,France,Female,22,1,76318.64,1,1,1,194783.12,0
1152647,468,Spain,Male,26,1,131643.25,1,1,0,64436.16,0
1152648,469,Germany,Male,38,9,113599.42,1,0,0,11950.29,0
1152649,469,Spain,Female,31,6,0,1,1,0,146213.75,1
1152650,469,France,Female,48,5,0,1,1,0,160529.71,1
1152651,469,Germany,Female,52,8,139493.25,3,0,0,150093.32,1
1152652,469,Spain,Male,35,5,0,2,1,0,186490.37,0
1152654,469,France,Male,33,1,127818.52,1,1,0,163477.22,0
1152655,470,Spain,Male,34,9,0,2,0,1,89013.67,0
1152656,470,Germany,Male,39,5,117469.91,2,0,0,63705.9,0
1152657,470,Spain,Female,31,2,101675.22,2,1,0,45033.75,0
1152658,470,Spain,Male,31,4,55732.92,2,1,1,103792.53,0
1152659,470,France,Male,30,3,101140.76,1,1,1,50906.65,0
1152660,470,France,Male,35,1,96473.59,1,0,0,5962.3,0
1152661,470,Spain,Male,30,4,125385.01,1,1,0,68293.93,0
1152662,470,France,Female,25,8,127974.06,2,1,1,183259.35,0
1152663,470,Spain,Female,48,6,140576.11,1,1,1,116971.05,0
1152664,471,France,Female,58,4,114713.57,1,1,1,36315.03,0
1152665,471,France,Female,27,4,0,2,1,0,122642.09,0
1152666,471,France,Male,42,3,164951.56,1,1,0,190531.77,0
1152667,471,Spain,Male,26,8,0,2,1,1,179655.87,0
1152668,471,Germany,Male,23,6,104592.55,2,1,0,131736.23,0
1152669,471,Germany,Female,36,5,90063.74,2,1,1,96366.7,0
1152670,471,Spain,Female,28,5,0,2,1,1,22356.97,0
1152671,472,Spain,Male,40,4,0,1,1,0,70154.22,0
1152672,472,Spain,Female,28,4,0,2,1,0,1801.77,0
1152673,472,France,Male,31,4,58662.92,2,0,1,73322,0
1152674,472,France,Male,29,8,102490.27,1,0,1,181224.56,0
1152675,472,France,Female,26,5,0,2,1,0,108411.66,0
1152676,472,Spain,Female,32,1,159397.75,1,0,1,57323.18,0
1152678,472,France,Male,19,9,0,2,1,0,3453.4,0
1152679,473,Spain,Male,48,8,0,2,1,0,71139.8,0
1152680,473,France,Female,33,5,125827.43,1,0,1,145698.73,0
1152681,473,Germany,Male,40,8,152576.25,2,1,0,73073.68,0
1152682,473,Germany,Female,35,7,131504.73,1,1,0,189560.43,0
1152683,473,France,Female,39,9,117103.26,2,1,1,85937.52,1
1152684,473,France,Female,25,6,110666.42,2,0,0,46758.42,0
1152685,473,France,Female,35,6,69617.36,1,1,0,143345.69,0
1152686,473,Germany,Female,32,5,146602.25,2,1,1,72946.95,0
1152688,474,France,Male,45,10,0,2,0,0,172175.9,0
1152689,474,France,Male,33,5,0,2,1,0,181945.52,1
1152691,474,Germany,Female,34,9,176311.36,1,1,0,160213.27,0
1152692,474,France,Male,54,3,0,1,1,0,108409.17,1
1152693,474,France,Female,30,9,0,2,0,0,63158.22,0
1152694,474,France,Male,26,6,0,2,0,0,152491.22,0
1152696,475,France,Female,45,0,134264.04,1,1,0,27822.99,1
1152697,475,France,Female,32,8,119023.28,1,1,0,100816.29,0
1152698,475,France,Male,39,6,0,1,1,1,56999.9,1
1152699,475,France,Female,46,10,0,2,0,0,122953,1
1152700,475,France,Female,57,1,0,2,1,0,89248.99,0
1152701,475,France,Male,40,7,160818.08,1,0,1,169642.13,1
1152702,476,France,Male,40,6,0,1,1,1,22735.45,0
1152703,476,Spain,Female,44,1,105303.73,1,0,1,134260.34,0
1152704,476,France,Female,32,6,111871.93,1,0,0,112132.86,0
1152705,476,Germany,Male,30,3,134366.42,1,1,0,68343.53,0
1152707,476,Germany,Female,34,8,111905.43,1,0,1,197221.81,1
1152708,476,France,Female,40,4,0,2,0,0,182547.04,0
1152709,476,France,Female,34,10,0,2,1,0,26260.98,0
1152710,477,Spain,Female,48,2,129120.64,1,0,1,26475.79,0
1152711,477,France,Male,27,1,128554.98,1,1,1,133173.19,0
1152712,477,Germany,Male,34,8,139959.55,2,1,1,189875.83,0
1152713,477,France,Female,30,6,131286.46,1,1,0,194144.45,0
1152714,477,Germany,Female,36,3,117700.86,1,0,0,74042,0
1152715,477,Germany,Male,48,8,129250,2,1,1,157937.35,0
1152716,477,France,Female,57,9,114023.64,2,1,1,71167.17,1
1152717,477,Germany,Female,24,2,95675.62,2,0,0,162699.7,1
1152718,477,France,Male,47,9,144900.58,1,1,0,61315.37,1
1152719,477,France,Male,22,5,82559.42,2,0,0,163112.9,1
1152720,477,Spain,Male,31,9,0,2,0,1,184061.17,0
1152721,477,Germany,Female,39,4,182491.57,1,1,0,185830.72,0
1152722,477,Germany,Female,58,8,145984.92,1,1,1,24564.7,0
1152723,478,Spain,Female,36,3,92363.3,2,1,0,44912.7,0
1152724,478,Spain,Male,43,1,0,2,1,1,197916.43,0
1152725,478,France,Female,32,6,71187.24,1,1,1,110593.62,0
1152726,478,France,Female,38,4,171913.87,1,1,0,51820.87,1
1152727,478,France,Male,35,1,92474.05,1,1,0,178626.07,0
1152728,478,Spain,Male,48,0,83287.05,2,0,1,44147.95,1
1152729,478,France,Female,50,2,0,1,0,1,93332.64,1
1152730,479,Germany,Male,35,9,92833.89,1,1,0,99449.86,1
1152731,479,France,Male,40,1,0,2,0,0,114996.43,0
1152732,479,Germany,Male,35,4,138718.92,1,1,1,47251.79,1
1152733,479,Germany,Female,30,7,143964.36,2,1,0,41879.99,0
1152734,479,Spain,Male,48,5,87070.23,1,0,1,85646.41,0
1152735,479,France,Female,35,2,113090.4,1,1,0,195649.79,0
1152736,479,France,Female,26,1,0,2,1,1,19116.97,0
1152737,479,Spain,Male,27,2,172463.45,1,1,1,40315.27,0
1152738,479,Germany,Male,24,6,107637.97,2,0,1,169505.83,0
1152740,479,France,Female,33,2,208165.53,1,0,0,50774.81,1
1152741,479,Germany,Female,23,9,123575.51,1,0,1,95148.28,0
1152742,479,France,Male,47,1,0,1,1,0,95270.83,0
1152743,479,Germany,Male,51,1,107714.74,3,1,0,86128.21,1
1152744,479,France,Male,47,6,121797.09,1,0,1,5811.9,1
1152745,479,France,Male,34,5,117593.48,2,0,0,113308.29,0
1152746,479,Spain,Male,35,4,125920.98,1,1,1,20393.44,0
1152747,480,Germany,Male,44,10,129608.57,1,1,0,5472.7,1
1152748,480,France,Male,35,2,165692.91,1,1,1,197984.58,0
1152749,480,France,Female,28,6,0,2,0,0,48131.92,0
1152750,480,Germany,Female,25,3,174330.35,2,0,0,181647.13,0
1152751,480,France,Male,40,6,148790.61,1,0,1,79329.7,0
1152752,480,Spain,Male,47,8,75408.33,1,1,0,25887.89,1
1152753,480,France,Female,42,1,152160.21,2,1,0,101778.9,0
1152754,480,France,Female,40,7,0,1,1,0,170332.67,1
1152755,480,Spain,Male,39,5,121626.9,1,1,1,82438.13,0
1152756,481,France,Male,44,9,175303.06,1,1,0,65500.53,1
1152757,481,France,Female,57,9,0,3,1,1,169719.35,1
1152758,481,Spain,Male,39,1,111233.09,1,1,1,123995.15,0
1152759,481,France,Female,34,5,0,2,1,1,125253.46,0
1152760,481,France,Female,39,6,0,1,1,1,24677.54,0
1152761,481,Germany,Male,44,3,163714.52,1,1,0,96123.72,0
1152764,481,France,Male,40,3,0,1,1,1,32319.93,0
1152765,481,France,Female,28,10,0,2,1,0,145215.96,0
1152766,482,France,Male,55,5,97318.25,1,0,1,78416.14,0
1152767,482,Germany,Female,48,2,69329.47,1,0,0,102640.52,1
1152768,482,France,Female,35,2,133111.73,1,0,1,79957.95,0
1152769,482,France,Male,38,4,124976.19,1,1,0,35848.12,0
1152770,482,Germany,Male,45,7,156353.46,1,1,0,72643.95,1
1152771,482,France,Female,35,5,147813.05,2,0,0,109029.72,0
1152772,483,France,Female,50,9,0,2,1,1,111020.24,0
1152773,483,France,Female,44,5,136836.49,1,1,0,192359.9,1
1152774,483,Germany,Male,41,1,118334.44,1,0,0,163147.99,1
1152775,483,France,Male,48,1,0,2,1,1,110059.38,0
1152776,483,France,Male,29,9,0,1,1,1,81634.45,0
1152777,483,France,Male,27,1,77805.66,1,1,1,2101.89,0
1152778,483,France,Female,30,9,0,2,0,0,136356.97,0
1152779,484,France,Female,29,4,130114.39,1,1,0,164017.89,0
1152780,484,Spain,Female,35,7,133868.21,1,1,1,27286.1,0
1152781,484,Germany,Female,34,4,148249.54,1,0,1,33738.27,0
1152782,484,Germany,Male,54,3,134388.11,1,0,0,49954.79,1
1152783,484,Spain,Female,39,5,0,2,1,1,175224.12,0
1152784,484,Spain,Male,36,8,0,2,1,0,186136.48,0
1152785,484,France,Female,32,3,0,2,1,1,139390.99,0
1152786,484,Germany,Female,55,8,149349.58,3,0,0,137519.92,1
1152787,484,France,Female,50,2,90408.16,2,0,0,48170.57,0
1152788,484,Germany,Male,40,7,106901.42,2,0,0,118045.98,0
1152789,484,France,Male,41,5,0,1,1,1,74267.35,0
1152790,485,Spain,Female,21,5,113157.22,1,1,1,54141.5,0
1152791,485,France,Male,29,7,182123.79,1,1,0,116828.51,1
1152792,485,Spain,Male,32,6,102238.01,2,1,1,194010.12,0
1152793,485,Germany,Female,30,5,156771.68,1,1,1,141148.21,0
1152794,485,Germany,Male,51,7,144244.59,2,1,0,51113.14,0
1152795,485,Spain,Female,30,7,0,1,1,0,107067.37,0
1152796,485,France,Female,27,3,0,2,1,0,141449.86,0
1152797,485,Germany,Male,34,3,133658.24,1,1,0,70209.83,0
1152798,485,France,Female,25,3,134467.26,1,1,1,113266.09,0
1152800,485,France,Female,39,2,75339.64,1,1,1,70665.16,0
1152801,485,France,Male,41,2,100254.76,2,1,1,12706.67,0
1152802,486,Germany,Female,40,9,71340.09,1,1,0,76192.21,0
1152804,486,France,Male,44,9,97009.15,1,1,1,85101,0
1152805,486,France,Male,26,2,0,2,1,1,31399.4,0
1152806,486,Spain,Male,27,7,0,2,1,0,28823.04,0
1152808,486,France,Female,39,8,97819.36,1,0,1,120531.31,0
1152809,486,Spain,Male,24,1,0,1,1,0,98802.76,0
1152810,486,Germany,Male,44,9,118356.89,2,1,0,168034.83,1
1152811,487,Germany,Female,44,5,110368.03,1,0,0,11384.45,1
1152812,487,Germany,Female,46,4,135070.58,2,1,1,44244.49,1
1152813,487,France,Male,45,2,0,2,1,0,77475.73,0
1152814,487,France,Male,53,4,199689.49,1,1,1,24207.86,1
1152815,487,Spain,Female,36,1,140137.15,1,1,0,194073.33,0
1152817,487,Spain,Female,31,1,0,2,1,0,158750.13,0
1152818,487,France,Female,53,10,89550.85,1,0,1,90076.85,0
1152819,487,Spain,Male,44,6,61691.45,1,1,1,53087.98,0
1152820,487,France,Female,34,2,96019.5,1,0,0,9085,0
1152821,487,Spain,Male,33,8,145729.71,1,1,0,41365.85,0
1152822,487,France,Male,24,7,133628.09,2,1,1,98570.01,0
1152824,487,Spain,Female,40,6,136093.74,1,0,1,193408.43,0
1152825,488,Germany,Male,32,3,114540.38,1,1,0,92568.07,0
1152826,488,France,Male,34,3,0,2,1,1,125979.36,0
1152827,488,Spain,Female,39,9,140553.46,1,0,0,12440.44,0
1152828,488,Germany,Female,33,4,140002.35,1,1,0,123613.81,0
1152829,488,France,Female,22,6,0,2,1,1,66393.89,0
1152830,488,France,Male,43,10,112751.13,1,1,1,28332,0
1152831,488,France,Female,31,8,97588.6,1,0,0,124210.53,0
1152832,488,Germany,Female,28,7,139246.22,2,1,0,106799.49,0
1152833,488,France,Female,36,0,0,2,1,0,136675.22,0
1152834,488,France,Female,34,2,0,2,1,1,181270.84,0
1152835,489,Germany,Male,28,1,79460.98,2,1,1,167973.63,0
1152836,489,France,Male,38,8,0,2,0,1,196990.79,0
1152837,489,Germany,Female,52,1,131441.51,1,1,0,37240.11,1
1152838,489,Spain,Male,40,3,221532.8,1,1,0,171867.08,0
1152839,489,Germany,Female,46,8,92060.06,1,1,0,147222.95,1
1152840,489,France,Female,38,5,117289.92,1,0,0,85231.88,0
1152841,489,France,Male,34,5,0,1,0,0,43540.59,0
1152842,489,France,Female,31,7,139395.08,1,0,1,6120.84,0
1152843,489,Germany,Male,38,2,126444.08,2,1,1,82662.73,0
1152844,489,France,Female,51,3,0,2,0,1,174098.28,1
1152845,489,France,Female,47,8,103894.38,2,1,1,107625.46,0
1152846,489,Spain,Male,58,4,0,2,1,1,191419.32,0
1152847,490,Spain,Male,31,3,145260.23,1,0,1,114066.77,0
1152848,490,France,Female,35,7,107749.03,1,1,1,3937.37,0
1152849,490,Spain,Female,48,8,155413.06,1,1,0,187921.3,0
1152851,490,France,Male,29,4,0,2,1,0,32089.57,0
1152852,490,Germany,Male,33,5,96341,2,0,0,108313.34,0
1152853,490,France,Male,33,1,0,2,1,1,80792.83,0
1152854,490,France,Male,39,1,0,3,1,0,171060.01,1
1152855,490,France,Male,34,5,122952.9,2,0,0,154360.97,0
1152856,490,Spain,Male,40,6,156111.08,1,0,0,190889.13,0
1152857,490,France,Female,40,1,0,1,1,1,49594.19,1
1152858,490,Spain,Female,38,3,97266.1,1,1,1,92797.23,0
1152859,490,Germany,Female,41,0,139659.04,1,1,1,176254.12,0
1152860,491,Germany,Female,57,4,112044.72,1,1,1,41229.73,1
1152861,491,Germany,Male,19,2,125860.2,1,0,0,129690.5,0
1152862,491,Spain,Female,44,8,0,2,0,1,139861.53,0
1152863,491,Germany,Male,44,6,148745.92,2,1,1,17818.33,0
1152864,491,Germany,Female,44,1,95039.12,1,0,1,116471.14,1
1152865,491,Germany,Male,26,4,102251.14,1,1,1,145900.89,0
1152866,491,France,Female,44,3,107571.61,1,0,1,113695.99,0
1152867,491,France,Male,33,5,83134.3,1,1,0,187946.55,0
1152868,491,France,Female,44,6,91285.22,1,1,1,7032.95,0
1152869,491,France,Female,36,0,53369.13,1,1,1,103934.12,0
1152870,492,Germany,Female,30,10,77168.87,2,0,1,146700.22,0
1152871,492,Germany,Male,39,10,124576.65,2,1,0,148584.61,0
1152872,492,France,Female,49,8,0,1,1,1,182865.09,1
1152873,492,France,Female,31,7,0,2,1,1,49463.44,0
1152874,492,France,Male,29,1,144591.96,1,1,1,196293.76,0
1152875,492,France,Male,35,4,141359.37,2,1,0,39519.53,0
1152876,492,France,Female,28,9,0,2,1,0,95957.09,0
1152877,492,France,Male,39,7,0,2,0,1,71323.23,0
1152878,492,Germany,Female,52,8,125396.24,1,1,0,10014.72,1
1152879,492,France,Female,48,6,127253.98,1,1,1,92144.09,1
1152880,492,France,Male,35,8,121063.49,1,0,0,85421.48,0
1152881,492,Germany,Male,51,8,117808.74,2,1,1,67311.12,0
1152882,492,Germany,Female,49,2,151249.45,2,1,1,167237.94,0
1152883,492,Germany,Female,38,8,57068.43,2,1,0,188974.81,0
1152884,492,Germany,Male,45,9,170295.04,2,0,0,164741.81,0
1152885,493,France,Female,46,4,0,2,1,0,1907.66,0
1152886,493,France,Male,36,9,0,2,1,1,65816.53,0
1152887,493,France,Female,31,3,0,1,1,1,176570.28,1
1152888,493,Spain,Male,32,8,46161.18,1,1,1,79577.4,0
1152889,493,Germany,Female,35,8,178317.6,1,0,0,197428.64,0
1152890,493,Spain,Female,48,7,0,2,1,0,48545.1,0
1152891,493,France,Female,33,8,90791.69,1,1,1,59659.53,0
1152892,493,France,Male,38,3,134006.77,1,1,0,89578.32,0
1152893,493,France,Male,54,3,167831.88,2,1,0,150159.95,1
1152895,493,France,Female,36,5,148667.81,2,1,0,56092.51,0
1152896,493,France,Female,36,2,0,2,0,1,99770.3,0
1152897,494,Germany,Female,38,7,174937.64,1,1,0,40084.32,0
1152898,494,Spain,Male,38,7,0,2,1,1,6203.66,0
1152900,494,France,Male,44,9,93320.8,1,1,1,24489.44,0
1152901,494,Spain,Male,27,2,0,2,1,0,22404.64,0
1152902,494,France,Male,30,3,85704.95,1,0,1,27886.06,0
1152903,494,Spain,Male,44,5,0,2,1,1,85890.16,0
1152904,494,France,Male,40,7,0,2,0,1,158071.69,0
1152905,494,France,Female,33,1,137853,1,0,1,90273.85,0
1152906,494,France,Male,25,6,0,2,0,1,109988.09,0
1152907,494,Spain,Female,41,2,69974.66,2,1,0,188426.13,1
1152908,494,France,Male,28,9,114731.76,2,0,1,79479.74,0
1152909,494,France,Female,35,9,112727.06,2,1,0,183752.91,0
1152910,495,France,Male,30,10,129755.99,1,0,0,172749.65,0
1152911,495,Spain,Female,45,3,89158.94,3,1,0,135169.76,1
1152912,495,Germany,Female,34,9,117160.32,1,1,1,116069.24,1
1152913,495,France,Female,40,1,140197.71,2,1,0,150720.39,0
1152914,495,Spain,Female,42,7,0,2,0,0,130404.53,0
1152915,495,France,Female,38,2,63093.01,1,1,1,47089.72,0
1152916,495,Germany,Male,39,8,120252.02,2,1,1,10160.23,0
1152917,495,France,Male,47,10,137682.68,1,1,0,71071.47,0
1152918,496,Spain,Female,43,3,0,2,0,1,199505.53,0
1152919,496,France,Female,41,1,176024.05,2,1,0,182337.98,0
1152920,496,Spain,Male,29,2,0,2,1,0,55389.59,0
1152921,496,France,Male,32,4,127845.83,1,1,0,66469.2,0
1152922,496,France,Female,29,4,0,2,1,0,164806.89,0
1152923,496,Germany,Female,59,7,91680.1,2,1,0,163141.18,1
1152924,496,Germany,Female,55,4,125292.53,1,1,1,31532.96,1
1152925,496,France,Male,30,0,90963.49,1,0,1,27802,0
1152926,496,France,Female,36,7,0,2,0,0,108098.28,0
1152927,496,Spain,Female,44,0,179356.28,2,1,0,2919.21,1
1152928,496,France,Male,31,5,0,2,1,0,93713.13,0
1152929,496,France,Female,34,1,102723.35,2,1,0,180844.81,0
1152930,497,France,Male,47,6,0,1,1,1,90055.08,0
1152931,497,Spain,Male,27,9,75263.16,1,1,1,164825.04,0
1152932,497,France,Male,41,9,0,1,0,0,22074.48,0
1152933,497,Germany,Male,35,7,110053.62,2,1,1,92887.06,0
1152934,497,Germany,Female,55,7,131778.66,1,1,1,9972.64,0
1152935,497,Germany,Female,32,8,111537.23,4,1,1,9497.99,1
1152936,497,Germany,Male,24,6,111769.14,2,1,0,55859.27,0
1152937,497,France,Male,32,8,0,2,1,0,67364.42,0
1152939,497,France,Female,29,4,85646.81,1,0,0,63233.02,1
1152940,497,Germany,Male,41,5,80542.81,1,0,0,88729.22,1
1152941,497,Spain,Male,27,7,149400.27,1,0,0,167522.19,0
1152942,497,France,Male,34,2,0,2,1,1,83087.13,0
1152943,497,Spain,Male,44,2,121250.04,1,0,1,79691.4,0
1152944,497,Spain,Male,24,3,0,2,1,0,76390.01,0
1152945,498,France,Male,34,2,0,2,1,1,148528.24,0
1152946,498,Germany,Male,25,8,121702.73,1,1,1,132210.49,0
1152947,498,France,Female,31,10,0,2,1,0,13892.57,0
1152948,498,France,Male,34,5,0,2,1,1,91711.66,0
1152949,498,Germany,Female,41,4,87541.06,2,1,1,12577.21,1
1152950,498,Germany,Male,44,7,102453.26,1,1,0,187247.56,1
1152951,498,France,Female,30,1,0,2,0,0,135795.53,0
1152952,498,Spain,Male,29,8,127864.26,1,1,1,46677.9,0
1152953,498,France,Male,44,2,170241.7,2,1,1,165407.96,0
1152955,498,Germany,Female,44,2,120702.67,2,1,1,98175.74,0
1152956,498,France,Female,29,9,0,1,1,0,190035.83,0
1152957,498,France,Male,46,1,91857.66,1,1,0,101954.78,1
1152958,498,France,Male,33,1,198113.86,1,1,0,69664.35,0
1152959,498,Germany,Male,45,7,109200.74,2,0,1,165990.44,0
1152960,498,Germany,Male,35,2,121968.11,2,0,1,188343.05,0
1152961,498,Germany,Male,42,3,152039.7,1,1,1,53445.17,1
1152962,499,France,Female,57,1,0,1,0,0,131372.38,1
1152963,499,Germany,Female,55,4,126817.65,2,1,0,123269.71,0
1152964,499,Germany,Female,29,6,148051.52,1,1,0,118623.94,0
1152965,499,Germany,Male,36,5,131142.53,2,1,0,174918.46,0
1152966,499,Spain,Male,39,6,0,2,1,1,81409,0
1152967,499,France,Male,35,10,0,2,1,0,10722.54,0
1152968,499,Spain,Female,42,0,147187.84,1,1,1,14868.94,1
1152969,499,France,Female,38,9,0,2,0,1,183042.2,0
1152970,499,France,Male,60,7,76961.6,2,1,1,83643.87,0
1152971,499,Germany,Female,44,6,77627.33,2,1,0,108222.68,0
1152972,499,France,Female,46,6,0,2,1,0,73457.55,0
1152973,499,France,Female,28,4,141792.61,1,1,1,22001.91,0
1152974,499,France,Male,31,4,0,1,1,0,25950.49,0
1152975,499,France,Female,21,3,176511.08,1,1,1,153920.22,0
1152976,499,Spain,Female,53,1,75225.53,2,0,0,144849.1,1
1152978,500,Spain,Female,47,8,128486.11,1,1,0,179227.12,0
1152979,500,France,Male,56,1,100374.58,1,1,0,118490.8,1
1152980,500,France,Male,45,2,109162.82,1,1,1,126145.08,0
1152981,500,France,Female,34,6,0,1,1,1,140268.45,0
1152982,500,Germany,Male,44,9,160838.13,2,1,0,196261.64,0
1152983,500,Germany,Male,30,2,125495.64,2,1,1,68807.47,0
1152984,500,Spain,Male,38,7,0,2,0,0,192013.23,0
1152985,500,Spain,Male,40,1,99004.24,1,1,1,152845.99,0
1152986,500,France,Female,34,4,0,2,1,0,12833.96,0
1152987,500,Spain,Female,50,5,0,4,1,1,83866.35,1
1152988,501,France,Male,57,10,0,2,1,1,47847.19,0
1152989,501,France,Male,40,4,125832.2,1,1,1,100433.83,0
1152990,501,France,Female,41,3,144260.5,1,1,0,172114.67,0
1152991,501,France,Female,39,9,117301.66,1,0,0,182025.95,0
1154302,564,France,Male,,7,84006.88,2,0,0,183490.99,0
1154371,567,France,Female,,2,0,2,1,1,78651.55,0
1154391,568,Spain,Female,,6,0,2,0,0,166495.2,0
1154395,568,Germany,Female,,10,109819.16,2,1,0,154491.39,0
1154409,568,Germany,Male,,1,112930.28,2,1,0,22095.73,0
1154488,572,Germany,Male,,4,118287.01,2,0,0,60427.3,0
1154502,572,Spain,Female,,5,0,2,1,0,119381.41,0
1154514,573,France,Female,,4,129109.02,1,0,0,149814.68,1
1154520,573,France,Male,,8,86270.93,2,1,1,90177.3,0
1154546,574,France,Male,,8,97460.1,1,1,1,43093.67,0
1154569,575,Spain,Female,,7,0,2,1,0,112507.63,0
1154613,576,Spain,Male,,8,0,2,0,1,34101.06,0
1154618,577,France,Female,,1,180530.51,1,0,0,123454.62,0
1154693,579,France,Female,,10,162482.76,1,1,1,18458.2,0
1154757,581,Germany,Female,,3,105099.45,1,1,1,184520,1
1154781,582,Spain,Male,,4,65848.36,2,1,0,30149.21,0
1154787,582,Germany,Male,,6,114450.32,1,1,1,14081.64,0
1154819,583,Germany,Female,,10,72835.56,2,1,0,96792.15,0
1154861,584,France,Male,,4,0,2,1,0,147600.54,0
1154876,584,France,Female,,0,146286.22,1,1,0,105105.35,0
1155110,592,Germany,Female,,4,105082.07,2,1,0,132801.57,0
1155167,593,Spain,Male,,9,76226.9,1,1,0,167564.82,0
1155186,594,Germany,Female,,6,135067.52,2,0,0,131211.86,0
1155234,595,Germany,Female,,8,118547.72,1,1,1,151192.18,0
1155283,597,Spain,Female,,7,0,2,1,0,110253.2,0
1155294,597,Spain,Male,,5,0,2,0,1,95159.13,0
1155307,597,France,Female,,8,149989.39,1,1,0,42330.58,0
1155404,600,France,Female,,6,108909.12,1,1,0,82547.01,0
1155418,601,Germany,Female,,7,105514.69,2,1,0,50070.59,0
1155419,601,France,Female,,8,78892.23,1,1,1,23703.52,0
1155481,602,Germany,Female,,8,113674.2,1,1,0,197861.16,1
1155517,603,Germany,Male,,4,109166.37,1,1,1,92840.67,0
1155522,604,France,Male,,8,149542.52,2,0,1,197911.52,0
1155526,604,Spain,Female,,3,0,2,1,0,155248.62,0
1155660,607,France,Male,,1,0,1,1,0,29818.2,0
1155685,608,Germany,Male,,1,106648.98,1,0,1,7063.6,0
1155719,609,France,Male,,10,126392.18,1,0,1,43651.49,0
1155726,609,France,Male,,7,0,2,1,0,98463.99,0
1155739,610,France,Male,,8,0,2,1,0,166031.08,0
1155778,611,France,Female,,2,107508.93,2,1,1,120801.65,0
1155808,612,Spain,Female,,4,0,2,1,1,179780.74,0
1155853,613,France,Male,,4,100446.57,1,0,1,149653.81,0
1156015,617,France,Female,,2,165947.99,2,0,1,168834.38,0
1156130,621,France,Male,,2,75237.54,1,0,1,44220.4,0
1156157,622,France,Male,,9,0,2,1,1,153237.59,0
1156179,622,Spain,Female,,8,0,2,1,1,124964.82,0
1156231,624,France,Male,,9,74681.9,2,0,0,31231.35,0
1156268,625,Germany,Male,,3,130483.95,1,1,0,122810.53,0
1156304,626,Spain,Male,,8,0,2,0,0,191420.71,0
1156316,626,Spain,Female,,8,148610.41,3,0,1,104502.02,1
1156465,630,Spain,Male,,7,0,2,1,1,6656.64,0
1156469,630,France,Male,,7,129837.72,2,0,1,197001.15,0
1156488,630,France,Female,,5,0,2,1,0,182612.38,0
1156508,631,France,Male,,1,149144.61,1,0,1,123697.95,0
1156605,633,France,Female,,8,124281.84,1,1,1,60116.57,0
1156616,634,France,Male,,8,0,1,1,0,21760.96,0
1156803,638,Germany,Female,,1,105249.76,2,1,1,23491.09,0
1156878,640,Germany,Male,,5,90402.77,1,1,1,3298.65,0
1156899,641,France,Female,,4,91547.84,2,0,1,28157.34,0
1156935,642,France,Male,,0,0,1,0,0,47472.68,0
1156948,642,France,Male,,1,138023.79,2,0,1,117060.2,0
1156957,642,Spain,Male,,8,144238.7,1,1,1,184399.76,0
1157025,644,Spain,Female,,4,153455.72,2,1,1,82696.84,0
1157034,644,Spain,Male,,8,96659.64,2,1,1,138775.69,0
1157096,646,France,Male,,4,139848.17,1,1,0,164696.27,0
1157139,647,Spain,Female,,8,109958.15,1,1,1,136592.24,1
1157163,648,France,Male,,9,162923.85,1,1,0,98368.24,0
1157252,650,Germany,Male,,4,214346.96,2,1,0,128815.33,0
1157291,651,Germany,Male,,5,147037.32,1,0,0,141763.26,0
1157342,652,Germany,Female,,1,131908.35,1,1,1,179269.79,0
1157372,652,France,Male,,3,137998.2,2,0,1,168989.77,0
1157461,655,France,Female,,7,106198.5,1,0,1,32020.42,0
1157516,656,Spain,Male,,4,139584.57,1,1,0,36308.93,0
1157680,660,Germany,Male,,4,115021.76,1,0,1,162443.05,0
1157715,661,France,Male,,8,0,2,0,0,196875.87,0
1157756,662,France,Male,,0,0,2,0,1,72929.96,0
1157783,663,France,Male,,5,141462.13,1,1,0,440.2,0
1157812,664,Germany,Male,,7,116244.14,2,1,1,95145.14,0
1158011,669,France,Male,,4,0,2,1,1,197594.34,0
1158192,674,France,Female,,10,0,2,1,1,138423.1,0
1158195,674,France,Male,,6,166257.96,1,1,1,149369.41,0
1158259,676,Germany,Female,,1,108348.66,1,0,0,60231.74,1
1158305,677,Germany,Female,,3,102395.79,1,1,0,119368.99,0
1158314,677,Germany,Female,,6,98723.67,1,0,1,151146.67,0
1158340,678,France,Male,,5,111128.04,1,1,0,60941.27,1
1158354,678,France,Female,,1,0,2,1,0,45443.68,0
1158357,678,France,Male,,3,0,2,1,0,4989.33,0
1158395,679,Spain,Female,,3,76554.06,1,1,1,184800.27,0
1158511,682,France,Female,,0,110654.02,1,0,1,111879.21,0
1158547,682,France,Male,,8,0,2,1,0,178373.43,0
1158597,683,France,Female,,7,0,2,1,0,86619.77,0
1158637,684,France,Female,,5,87098.91,1,0,0,106095.82,0
1158647,684,Germany,Female,,2,114035.39,1,0,0,96885.19,0
1158713,686,France,Male,,7,0,2,1,0,1540.89,0
1158733,686,Germany,Male,,1,57422.62,1,1,1,79189.4,0
1158744,687,Germany,Male,,2,142721.52,1,1,1,153605.75,0
1158762,687,France,Female,,6,0,2,1,1,32909.13,0
1158781,688,Germany,Male,,8,146133.39,1,1,1,175296.76,0
1152992,501,France,Female,34,3,107747.57,1,1,0,9249.36,0
1152993,501,Germany,Male,24,4,130806.42,2,1,0,80241.14,0
1152994,501,Germany,Male,27,4,95331.83,2,1,0,132104.76,0
1152995,501,France,Female,40,2,0,2,0,0,141946.92,0
1152997,501,Germany,Male,40,5,114655.58,1,0,0,126535.92,0
1152998,501,France,Female,29,8,0,2,1,0,112664.24,0
1152999,501,Germany,Female,34,7,93244.42,1,0,1,199805.63,0
1153000,501,Germany,Male,25,6,104013.79,1,1,0,114774.35,0
1153001,501,France,Male,42,9,114631.23,1,0,1,91429.74,0
1153002,501,France,Female,34,5,0,1,1,0,27380.99,0
1153003,501,Germany,Male,38,9,88977.39,2,0,1,133403.07,0
1153004,501,France,Male,35,6,99760.84,1,1,1,13591.52,0
1153005,501,Spain,Male,43,6,104533.24,1,0,0,81123.59,1
1153006,501,France,Male,44,4,142051.07,2,0,1,74940.5,0
1153007,502,Germany,Female,32,1,173340.83,1,0,1,122763.95,0
1153008,502,Germany,Female,42,0,132002.7,1,0,1,28204.98,1
1153009,502,Germany,Female,57,3,101465.31,1,1,0,43568.31,1
1153010,502,France,Male,45,0,0,1,0,0,84663.21,0
1153011,502,Germany,Female,40,7,117304.29,1,0,0,196278.32,0
1153012,502,France,Female,44,3,139663.37,1,0,1,100995.11,0
1153014,502,Germany,Female,33,6,125241.17,2,1,1,158736.07,0
1153015,502,France,Male,30,4,0,2,1,1,66263.87,0
1153016,502,France,Male,33,8,0,2,1,1,123509.01,0
1153017,502,France,Male,33,7,0,2,0,1,4082.52,0
1153018,502,Germany,Male,33,5,174673.65,2,1,0,33300.56,0
1153019,502,France,Female,35,6,0,2,1,1,80618.47,0
1153020,502,France,Female,42,8,159660.8,3,1,0,113931.57,1
1153021,503,France,Male,29,3,0,2,1,1,143954.99,0
1153023,503,Germany,Male,30,10,136622.55,2,0,0,47310.24,0
1153024,503,Spain,Male,25,7,0,1,0,1,192841.13,0
1153025,503,France,Male,42,8,104430.08,1,1,1,147557.71,0
1153026,503,France,Female,28,5,0,2,1,0,125918.17,0
1153028,503,Germany,Male,42,9,153279.39,1,1,1,151336.96,0
1153029,503,Spain,Female,36,9,0,2,1,1,16274.67,0
1153030,503,Spain,Male,31,4,0,2,1,1,21645.06,0
1153031,503,France,Male,38,1,0,2,1,1,95153.24,0
1153032,503,France,Male,32,4,0,2,1,1,153036.97,0
1153033,503,Spain,Male,32,9,100262.88,2,1,1,157921.25,0
1153034,504,France,Female,49,7,0,3,0,1,87822.14,1
1153035,504,Germany,Male,56,9,104217.3,1,0,0,55857.48,1
1153036,504,Germany,Female,43,7,102365.49,1,1,0,194690.77,1
1153037,504,Germany,Male,32,8,170291.22,2,0,1,15658.99,0
1153038,504,France,Female,44,8,0,1,1,1,34595.58,0
1153039,504,France,Male,42,3,134936.97,2,0,0,135178.91,0
1153040,504,Spain,Male,40,5,0,2,0,0,146703.36,0
1153041,504,Germany,Male,42,7,131287.36,2,1,1,149697.78,0
1153042,504,Germany,Male,43,5,134740.19,2,1,0,181430.91,0
1153043,504,Spain,Male,44,4,113522.64,1,1,1,12405.2,0
1153044,504,Spain,Male,34,0,54980.81,1,1,1,136909.88,0
1153045,504,France,Female,32,8,206663.75,1,0,0,16281.94,0
1153046,504,Spain,Female,46,2,163764.84,1,1,1,165122.55,1
1153047,504,Germany,Female,44,0,131873.07,2,1,1,158036.72,1
1153048,505,France,Male,49,7,80001.23,1,0,0,135180.11,0
1153049,505,Germany,Male,29,3,145541.56,2,1,1,58019.95,0
1153050,505,France,Male,34,10,104498.79,1,0,1,126451.14,0
1153051,505,Germany,Male,40,6,47869.69,2,1,1,155061.97,0
1153052,505,Spain,Female,45,9,131355.3,3,1,0,195395.33,1
1153054,505,France,Male,26,8,112972.57,1,1,0,145011.62,0
1153055,505,Germany,Male,43,6,127146.68,1,0,0,137565.87,0
1153056,505,Germany,Male,43,5,136855.94,2,1,0,171070.52,0
1153058,505,France,Female,36,2,79951.9,1,0,1,174123.16,1
1153059,505,Germany,Female,25,5,114268.85,2,1,1,126728.27,0
1153061,505,Spain,Male,35,8,116932.59,1,1,0,91092.84,0
1153062,505,Germany,Female,33,3,106506.77,3,1,0,45445.78,1
1153063,506,France,Female,34,4,90307.62,1,1,1,159235.29,0
1153064,506,France,Female,41,1,0,2,1,0,31766.3,0
1153065,506,France,Male,36,5,0,2,1,0,164253.35,0
1153066,506,Germany,Female,41,3,57745.76,1,1,0,4035.46,0
1153067,506,France,Male,34,7,0,2,0,0,115842.1,0
1153069,506,Spain,Male,35,6,110046.93,2,1,0,26318.73,0
1153070,506,Spain,Male,50,3,0,2,1,0,12016.79,0
1153071,506,Germany,Male,28,8,53053.76,1,0,1,24577.34,0
1153072,506,France,Female,57,6,0,2,0,1,194421.12,1
1153073,506,France,Female,32,3,0,1,1,1,80823.02,0
1153074,506,Germany,Male,59,8,119152.1,2,1,1,170679.74,0
1153075,506,Spain,Male,32,8,0,2,0,1,182692.8,0
1153076,506,France,Female,40,3,0,1,1,1,144345.58,0
1153077,506,Germany,Female,59,3,190353.08,1,1,0,78365.75,0
1153078,506,France,Male,43,2,0,2,1,0,105568.6,0
1153079,507,France,Male,36,4,83543.37,1,0,0,140134.43,0
1153080,507,Spain,Female,29,6,0,2,0,1,94780.9,0
1153081,507,Germany,Female,46,8,102785.16,1,1,1,70323.68,0
1153082,507,France,Female,29,4,89349.47,2,0,0,180626.68,0
1153083,507,Germany,Male,31,2,134237.07,1,1,1,166423.66,1
1153084,507,France,Female,35,2,0,2,1,0,97633.93,0
1153085,507,France,Male,42,6,0,2,1,0,34777.23,0
1153086,507,Spain,Male,46,6,92783.68,1,1,1,51424.29,0
1153087,507,France,Female,33,1,113452.66,1,0,0,142911.99,0
1153088,507,France,Male,41,3,58820.32,2,1,1,138536.09,0
1153089,507,France,Female,35,1,0,2,0,0,92131.54,0
1153090,507,France,Female,31,0,106942.08,1,0,1,44001.11,0
1153091,507,France,Male,33,7,0,2,1,1,85411.01,0
1153092,507,Germany,Male,31,9,111589.67,1,1,0,150037.19,0
1153093,507,Spain,Female,34,4,0,2,1,1,60688.38,0
1153094,507,Spain,Male,32,7,0,2,1,0,67926.18,0
1153095,507,Germany,Male,36,9,118214.32,3,1,0,119110.03,1
1153096,507,Germany,Male,40,3,120105.43,1,1,0,92075.01,1
1153097,508,France,Male,49,7,122451.46,2,1,1,75808.1,0
1153098,508,Germany,Male,28,0,96213.82,2,1,0,147913.56,0
1153099,508,France,Male,44,3,115451.05,2,0,0,67234.33,0
1153100,508,France,Female,31,7,0,2,1,1,6123.15,0
1153101,508,Germany,Female,41,5,82161.7,2,1,0,187776.49,0
1153102,508,France,Male,31,8,72541.48,1,1,0,129803.08,0
1153103,508,France,Male,26,7,205962,1,1,0,156424.4,0
1153104,508,France,Female,38,3,166328.65,2,0,1,22614.19,0
1153105,508,France,Female,60,7,143262.04,1,1,1,129562.74,0
1153106,508,Spain,Male,54,10,0,1,1,1,175749.36,0
1153107,508,France,Female,43,9,0,1,1,0,103726.71,0
1153108,508,France,Female,44,2,0,1,1,1,6076.62,0
1153109,508,France,Female,25,2,111395.53,1,0,1,48197.06,0
1153110,508,France,Male,49,1,93817.41,2,1,1,132468.76,1
1153111,508,France,Female,41,5,0,2,1,1,94170.84,0
1153112,508,France,Male,35,1,86893.28,1,0,0,59374.82,0
1153113,509,Spain,Female,25,3,108738.71,2,1,0,106920.57,0
1153114,509,France,Female,46,1,0,1,1,0,71244.59,1
1153115,509,France,Male,31,3,0,2,1,0,15360.91,0
1153116,509,Spain,Male,38,2,0,1,0,0,168460.12,0
1153117,509,France,Male,30,6,0,2,1,0,180598.86,0
1153118,509,Germany,Male,32,9,170661.47,1,1,1,21646.2,0
1153119,509,Germany,Female,29,0,107712.57,2,1,1,92898.17,0
1153120,509,Spain,Male,29,1,0,2,1,0,69113.14,0
1153121,509,Spain,Male,41,7,126683.8,1,0,1,114775.53,0
1153122,509,France,Male,55,8,132387.91,2,1,1,170360.11,0
1153123,509,France,Male,35,8,0,2,0,1,67431.28,0
1153124,509,France,Male,26,10,0,2,1,1,6177.83,0
1153125,509,France,Male,18,7,102983.91,1,1,0,171770.58,0
1153126,510,Spain,Female,38,4,0,1,1,0,118913.53,1
1153127,510,France,Female,30,0,0,2,1,1,130553.47,0
1153128,510,France,Male,44,2,0,2,1,1,48071.61,0
1153129,510,France,Male,32,9,103324.78,1,1,1,46127.7,0
1153130,510,France,Male,44,8,0,2,1,1,115291.86,0
1153131,510,France,Female,26,6,136214.08,1,0,0,159742.33,0
1153132,510,France,Female,32,1,0,2,0,1,28515.17,0
1153133,510,France,Female,45,10,103821.47,2,0,1,77878.62,0
1153134,510,France,Female,22,3,156834.34,1,0,0,44374.44,0
1153135,510,France,Male,44,6,0,2,1,1,175518.31,0
1153136,510,Germany,Male,31,0,113688.63,1,1,0,33099.41,1
1153137,510,Germany,Female,50,7,123936.54,1,1,1,23768.01,0
1153138,510,Germany,Female,44,4,123070.89,1,1,0,28461.29,1
1153139,510,France,Female,52,6,191665.21,1,1,1,131312.56,1
1153140,511,France,Male,58,0,149117.31,1,1,1,162599.51,0
1153141,511,Spain,Female,29,9,0,2,0,1,140676.98,0
1153142,511,Germany,Female,41,8,153895.65,1,1,1,39087.42,0
1153143,511,France,Male,33,7,0,2,0,1,158313.87,0
1153144,511,Germany,Female,40,9,124401.6,1,1,0,198814.24,1
1153145,511,France,Male,45,5,68375.27,1,1,0,193160.25,1
1153146,511,Germany,Male,48,6,149726.08,1,0,0,88307.87,1
1153147,511,France,Female,31,5,137411.29,1,0,1,161854.98,0
1153148,511,France,Male,27,8,0,2,1,1,49089.36,0
1153149,511,Spain,Female,57,8,122950.31,1,1,1,181258.76,0
1153150,511,France,Female,33,3,0,2,1,0,132436.71,0
1153151,511,France,Female,30,5,0,2,1,0,143994.86,0
1153152,511,France,Female,46,1,0,1,1,1,115779.48,1
1153153,511,Germany,Female,44,9,105609.17,1,0,1,105425.18,0
1153154,511,Spain,Female,40,1,0,1,1,1,184118.73,0
1153155,511,Spain,Female,44,4,0,1,1,0,1643.11,1
1153156,512,France,Male,40,5,0,2,1,1,146457.83,0
1153157,512,France,Female,36,3,84327.77,2,1,0,17675.36,0
1153158,512,Spain,Male,33,3,176666.62,1,1,0,94670.77,0
1153160,512,Spain,Male,36,1,0,1,0,1,135482.26,1
1153161,512,France,Male,36,4,152169.12,2,0,0,38629.3,1
1153162,512,Germany,Female,32,2,123403.85,2,1,0,80120.19,0
1153163,512,France,Male,24,6,0,2,1,0,37654.31,0
1153164,512,France,Female,41,8,145150.28,1,1,0,64869.32,1
1153165,512,France,Female,31,7,0,2,0,0,49326.07,0
1153166,512,France,Female,44,2,0,1,1,0,123304.62,0
1153167,512,Spain,Male,39,3,0,1,1,0,134878.19,0
1153168,512,Germany,Male,42,9,93955.83,2,1,0,14828.54,0
1153169,512,Spain,Female,46,3,0,2,1,1,56408.14,0
1153170,512,Spain,Male,31,6,0,2,1,0,168462.26,0
1153171,512,France,Female,33,6,121685.31,2,1,1,83681.97,0
1153172,512,Spain,Female,35,5,124580.69,1,1,1,18785.48,0
1153173,512,France,Male,36,0,129804.17,1,1,0,53020.9,0
1153174,512,France,Male,51,6,144953.31,1,1,1,165035.17,0
1153175,512,France,Female,41,6,0,1,1,1,100507.81,0
1153176,512,Germany,Male,41,7,122403.24,1,0,1,37439.9,1
1153177,512,France,Male,43,1,0,2,1,1,52471.36,0
1153178,512,France,Female,30,6,0,2,1,0,88827.31,0
1153179,512,Germany,Female,40,8,153537.57,2,0,0,23101.13,0
1153180,513,France,Male,35,8,0,1,1,0,76640.29,1
1153182,513,Spain,Male,44,10,0,2,1,1,52952.24,0
1153183,513,Spain,Female,31,5,174853.46,1,1,0,84238.63,0
1153184,513,Spain,Male,48,2,0,1,1,1,114709.13,1
1153185,513,Spain,Male,44,3,98903.06,1,1,1,81251.24,0
1153186,513,France,Male,40,3,141004.46,1,1,0,105028.46,0
1153187,513,France,Male,29,10,0,2,0,1,25514.77,0
1153188,513,Spain,Female,42,10,0,2,0,1,73151.25,0
1153189,513,Spain,Male,39,7,89039.9,2,1,1,146738.83,0
1153190,513,France,Male,30,5,0,2,1,0,162523.66,0
1153191,513,France,Female,45,0,164649.52,3,1,0,49915.52,1
1153192,513,France,Male,44,1,63562.02,2,0,1,52629.73,1
1153193,513,France,Female,43,9,0,2,1,0,152499.8,0
1153194,513,Spain,Female,41,9,107135.04,2,1,1,160546.58,0
1153195,513,Germany,Male,34,7,60515.13,1,0,0,124571.09,0
1153196,513,Germany,Female,49,5,171601.27,1,1,0,126223.84,0
1153197,514,France,Male,32,8,0,2,1,0,95857.18,0
1153198,514,Spain,Male,30,7,0,1,0,1,125010.24,0
1153199,514,Germany,Male,43,1,95556.31,1,0,1,199273.98,1
1153200,514,France,Female,46,3,106511.85,1,1,0,55072.32,0
1153201,514,Germany,Female,45,3,109032.23,1,0,1,155407.21,1
1153202,514,France,Male,38,4,112230.38,1,1,0,16717.11,1
1153203,514,Spain,Male,44,9,0,2,1,1,14234.31,0
1153204,514,France,Female,41,7,0,2,1,1,3756.65,0
1153205,514,France,Male,45,1,178827.79,1,1,0,60375.18,0
1153206,514,France,Male,26,1,0,2,0,0,121551.93,0
1153207,514,France,Male,35,3,121030.9,1,1,0,10008.68,0
1153208,515,Spain,Male,35,10,176273.95,1,0,1,121277.78,0
1153209,515,France,Male,44,7,92113.61,1,1,1,142548.33,0
1153211,515,France,Female,44,6,0,2,1,1,160663.11,0
1153212,515,France,Female,28,9,0,2,0,0,94141.75,0
1153213,515,France,Female,25,7,79543.59,1,0,1,38772.82,0
1153214,515,Germany,Male,60,9,113715.36,1,1,0,18424.24,1
1153215,515,France,Female,58,2,131852.81,1,1,0,81436.68,1
1153216,515,France,Male,41,8,0,2,1,1,185054.14,0
1153217,515,France,Male,33,2,0,2,1,1,136028.97,0
1153218,515,France,Male,40,0,109542.29,1,1,1,166370.81,0
1153220,515,Spain,Male,29,4,151012.55,2,1,0,9770.97,0
1153221,515,Germany,Male,45,7,120961.5,3,1,1,39288.11,1
1153222,515,France,Male,48,5,129387.94,1,0,1,147955.91,1
1153223,515,Spain,Male,40,10,121355.99,1,1,0,138360.29,0
1153224,516,Spain,Male,50,5,0,1,0,1,146145.93,1
1153225,516,France,Male,35,10,104088.59,2,0,0,119666,0
1153226,516,Spain,Female,33,3,0,2,1,1,58685.59,0
1153227,516,France,Female,46,1,104947.72,1,1,0,115789.25,1
1153228,516,France,Female,33,7,127305.5,1,1,1,120037.36,0
1153229,516,France,Female,43,2,112773.73,2,1,1,139366.58,0
1153230,516,Germany,Male,32,3,145166.09,2,0,0,111421.45,0
1153231,516,Spain,Female,45,8,109044.3,1,0,1,115818.16,0
1153232,516,France,Male,35,5,128653.59,1,1,0,127558.26,0
1153234,516,Germany,Female,53,1,156674.2,1,1,0,118502.34,1
1153235,516,France,Male,33,7,115195.58,1,1,1,11205.5,0
1153236,516,Germany,Male,50,7,139675.07,2,1,0,45591.23,0
1153237,516,France,Male,27,9,0,1,1,0,142680.64,1
1153238,516,France,Female,47,6,109387.33,1,0,0,121365.45,0
1153239,516,France,Female,42,8,56228.25,1,1,0,46857.52,0
1153240,516,Spain,Female,31,7,0,1,1,0,47018.75,0
1153241,516,France,Female,45,4,0,1,1,0,95273.73,1
1153242,516,France,Female,29,2,104982.57,1,1,0,157378.5,0
1153243,516,Germany,Female,33,10,138847.9,1,1,1,127256.7,0
1153244,516,France,Male,51,8,120124.35,2,0,1,168773.54,0
1153245,516,France,Female,40,9,0,2,0,1,33266.29,0
1153246,516,Spain,Female,31,3,0,2,1,0,124202.26,0
1153247,516,Spain,Female,44,9,102541.1,1,1,0,181490.42,0
1153248,516,France,Male,46,2,0,2,1,1,169122.54,0
1153250,516,Spain,Female,27,1,0,1,0,1,112311.15,0
1153251,516,Germany,Female,47,9,128298.74,1,0,0,149614.17,1
1153252,516,France,Female,46,6,62212.29,1,0,1,171681.86,1
1153253,516,France,Male,35,10,57369.61,1,1,1,101699.77,0
1153254,517,France,Male,41,2,0,2,0,1,75937.47,0
1153255,517,Spain,Female,29,5,0,2,1,0,103402.88,0
1153257,517,France,Male,28,2,115062.61,1,1,0,179056.23,0
1153258,517,Spain,Male,39,3,0,2,0,1,12465.51,0
1153259,517,France,Female,45,4,0,1,0,0,172674.36,1
1153260,517,Germany,Male,53,0,109172.88,1,1,0,54676.1,1
1153261,517,France,Male,56,9,142147.32,1,0,0,39488.04,1
1153262,517,Germany,Female,59,8,154110.99,2,1,0,101240.08,1
1153263,517,France,Male,44,1,43772.66,3,1,0,187756.24,1
1153264,517,Spain,Male,46,4,0,1,1,0,22372.78,0
1153265,518,France,Female,45,9,105525.65,2,1,1,73418.29,0
1153266,518,Germany,Female,35,8,141665.63,1,0,1,192776.64,0
1153267,518,France,Male,38,3,90957.81,1,0,1,162304.59,0
1153268,518,Germany,Male,46,4,113625.93,1,0,0,92727.42,1
1153269,518,Germany,Female,41,5,110624.99,1,1,0,89327.67,0
1153270,518,France,Female,38,10,84764.79,1,1,1,162253.9,0
1153271,518,France,Male,40,4,0,2,0,1,194416.58,0
1153272,518,France,Female,27,1,133801.49,1,1,1,143315.57,0
1153273,518,France,Female,45,8,0,2,1,1,36193.07,0
1153274,518,Germany,Male,29,9,125961.74,2,1,0,160303.08,1
1153275,518,France,Male,46,3,0,2,1,0,76515.79,0
1153276,518,France,Female,28,9,85146.36,1,0,0,2803.89,0
1153277,518,France,Male,59,5,138772.15,1,0,1,123872,0
1153278,518,Spain,Male,50,4,0,1,0,0,107112.25,1
1153279,518,France,Male,42,7,151027.05,2,1,0,119377.36,0
1153280,519,France,Male,36,9,0,2,0,1,145562.4,0
1153281,519,Spain,Female,57,2,119035.35,2,1,1,29871.79,0
1153282,519,Spain,Female,47,6,157296.02,2,0,0,147278.43,1
1153283,519,France,Male,42,8,0,2,1,1,101485.72,0
1153284,519,France,Female,21,1,146329.57,2,1,1,194867.27,0
1153285,519,Spain,Male,39,4,111900.14,1,1,1,97577.17,0
1153286,519,France,Male,39,1,97700.02,1,1,1,30709.03,0
1153287,519,Germany,Male,38,1,114141.64,1,1,1,60988.21,1
1153288,519,France,Male,34,5,0,1,1,0,68479.6,0
1153289,519,France,Male,39,2,112957.26,2,1,0,97593.16,0
1153290,519,France,Female,22,8,0,1,0,1,167553.06,0
1153291,519,Germany,Female,21,1,151701.45,3,1,1,170138.68,1
1153292,519,France,Male,48,10,71083.98,1,1,0,137959,0
1153293,519,France,Female,38,7,125328.56,1,1,0,188225.67,0
1153294,520,Spain,Female,42,6,0,2,1,1,34410.55,0
1153295,520,France,Male,58,3,0,2,0,1,32790.02,0
1153296,520,Germany,Male,44,8,133802.29,2,1,1,90304.01,0
1153297,520,France,Female,38,4,0,2,1,0,56388.63,0
1153298,520,Spain,Female,44,5,162278.32,1,1,1,34765.33,0
1153299,520,Germany,Male,32,5,110029.77,1,1,0,56246.69,0
1153300,520,Spain,Male,43,7,0,2,1,1,36202.74,0
1153301,520,France,Male,33,4,156297.58,2,1,1,166102.61,0
1153302,520,Germany,Male,34,8,120018.86,2,1,1,343.38,0
1153303,520,Germany,Female,31,3,108914.17,1,1,1,183572.39,1
1153304,520,Spain,Female,35,4,115680.81,1,1,1,90280.7,0
1153305,520,France,Male,38,5,0,2,1,0,163185.76,0
1153306,520,France,Male,34,4,134007.9,1,1,1,193209.11,0
1153307,520,Spain,Male,45,7,107023.03,1,1,0,32903.93,0
1153308,520,France,Female,29,8,95947.76,1,1,0,4696.44,0
1153309,520,France,Male,30,3,143396.54,2,1,1,898.51,0
1153310,520,Germany,Female,45,1,123086.39,1,1,1,41042.4,1
1153311,520,France,Male,31,4,93249.4,1,1,0,77335.75,0
1153312,520,Spain,Female,30,4,145222.99,2,0,0,145160.96,0
1153313,520,Germany,Female,23,3,116022.53,2,1,1,37577.66,0
1153314,520,France,Female,39,1,73493.17,1,0,1,109626.13,1
1153315,520,France,Female,39,6,145644.05,1,0,0,104118.93,0
1153316,520,Germany,Male,43,3,150805.17,3,0,1,25333.03,1
1153317,520,France,Male,34,3,0,2,1,1,104703.96,0
1153318,520,France,Male,35,9,105387.89,1,1,1,25059.06,0
1153319,520,France,Male,49,5,121197.64,1,1,0,72577.33,1
1153320,520,France,Female,46,10,85216.61,1,1,0,117369.52,1
1153321,521,France,Male,35,6,96423.84,1,1,0,10488.44,0
1153322,521,France,Male,25,7,0,2,1,1,157878.67,0
1153323,521,Germany,Male,52,5,116497.31,3,0,0,53793.1,1
1153324,521,France,Male,30,2,107316.09,1,1,0,64299.82,0
1153325,521,France,Female,39,6,0,2,0,1,27375.15,0
1153327,521,Germany,Female,40,9,134504.78,1,1,0,18082.06,0
1153328,521,Spain,Female,34,7,70731.07,1,1,1,20243.97,1
1153329,521,Spain,Male,29,3,60280.62,1,1,0,154271.41,0
1153330,521,France,Male,38,5,110641.18,1,0,1,136507.69,1
1153331,521,France,Female,32,2,136555.01,2,1,1,129353.21,0
1153332,521,Germany,Female,44,0,125193.96,1,1,1,109356.53,0
1153333,521,Spain,Female,22,10,0,1,1,1,101311.95,0
1153334,521,France,Male,22,5,0,2,1,1,99828.45,0
1153335,521,Spain,Female,49,4,82940.25,2,0,0,62413.01,1
1153336,521,Spain,Female,39,3,146408.68,1,0,0,72993.67,0
1153337,521,France,Male,27,4,121325.84,1,1,1,164223.7,1
1153339,521,France,Male,43,8,0,1,1,1,93180.09,0
1153340,521,Germany,Female,49,2,127948.57,1,1,1,182765.14,0
1153341,521,Germany,Female,29,2,87212.8,1,1,1,994.86,0
1153342,521,France,Female,41,2,0,2,1,1,113089.43,0
1153343,521,Germany,Male,41,8,120586.54,1,0,1,20491.15,0
1153344,521,France,Male,38,6,0,2,1,0,51454.06,0
1153345,521,France,Male,39,7,0,2,0,1,653.58,0
1153346,521,France,Female,44,6,0,2,1,1,49054.1,0
1153347,522,Spain,Male,34,9,126436.29,1,1,0,174248.52,1
1153348,522,France,Female,34,3,0,2,1,1,3894.34,0
1153350,522,Spain,Male,30,3,0,2,1,0,145490.85,0
1153351,522,France,Male,41,5,144147.68,1,1,1,14789.9,0
1153352,522,Germany,Male,32,8,124450.36,2,1,1,165786.1,0
1153353,522,France,Female,41,7,0,2,0,1,176780.39,0
1153354,522,Germany,Male,25,1,111432.13,1,1,1,168683.57,0
1153355,522,Germany,Female,25,5,94049.92,2,1,0,103269,0
1153356,523,Spain,Male,34,7,0,2,1,0,62030.06,0
1153357,523,Spain,Male,32,4,0,2,1,0,167848.02,0
1153358,523,France,Female,40,2,102967.41,1,1,0,128702.1,1
1153359,523,France,Male,30,1,83181.29,1,1,1,138176.78,0
1153360,523,Germany,Male,44,6,116227.27,1,1,1,119404.63,0
1153361,523,France,Female,44,7,0,2,0,0,130883.9,1
1153362,523,Germany,Female,39,1,143903.11,1,1,1,118711.75,1
1153363,523,France,Male,39,3,0,2,1,0,6726.53,0
1153364,523,Germany,Male,41,0,119276.31,1,0,0,122284.38,1
1153365,523,Germany,Male,35,8,138782.76,1,1,1,186118.93,0
1153366,523,France,Female,28,2,121164.11,1,1,1,59938.81,0
1153367,523,Germany,Male,27,8,61688.61,2,1,0,147059.16,0
1153368,523,France,Male,34,2,161588.89,1,1,1,51358.66,0
1153369,523,France,Male,44,8,66250.71,1,1,1,21859.06,0
1153370,523,Spain,Female,36,8,113680.54,1,0,0,13197.44,0
1153371,523,Germany,Male,60,1,163894.35,1,0,1,57061.71,0
1153372,523,France,Female,26,4,0,2,1,0,185488.81,0
1153373,523,France,Male,45,5,0,2,1,1,121428.2,0
1153374,523,Spain,Female,24,5,172231.93,1,0,1,155144.12,0
1153375,523,France,Male,36,8,158351.02,2,1,0,155304.53,0
1153376,523,France,Male,22,8,123374.46,1,1,1,124906.59,0
1153377,524,France,Female,36,10,0,2,1,0,109614.57,0
1153378,524,Germany,Female,31,8,107818.63,1,1,0,199725.39,1
1153379,524,Germany,Female,31,10,67238.98,2,1,1,161811.23,0
1153381,524,France,Male,40,2,180516.9,1,1,0,180002.42,0
1153382,524,France,Male,50,4,0,2,1,1,31840.59,1
1153383,524,France,Male,52,2,87894.26,1,1,0,173899.42,1
1153384,524,France,Male,22,9,0,2,1,0,74405.34,0
1153385,524,France,Male,30,1,0,2,1,0,126812.85,0
1153386,524,Germany,Female,25,7,131402.21,1,0,0,193668.49,0
1153387,524,Spain,Female,44,5,0,1,1,0,136079.64,1
1153388,524,France,Female,28,7,0,2,0,1,147100.72,0
1153389,524,Germany,Male,29,9,144287.6,2,1,0,32063.3,0
1153390,524,France,Male,28,1,93577.3,1,1,1,51670.82,0
1153391,524,Spain,Female,32,6,0,1,1,1,132861.9,1
1153392,524,France,Male,32,1,144875.71,1,0,0,187740.04,0
1153393,524,Spain,Male,29,3,159035.45,1,1,0,2705.31,1
1153394,524,France,Male,29,7,0,2,1,1,105448.74,0
1153395,524,France,Male,44,10,118569.03,2,0,0,82117.2,0
1153397,525,Spain,Female,57,2,145965.33,1,1,1,64448.36,0
1153398,525,France,Female,23,5,0,2,1,0,160249.1,0
1153399,525,France,Male,36,2,114628.4,1,0,1,168290.06,0
1153400,525,Spain,Female,25,10,0,2,1,0,69361.95,0
1153401,525,Spain,Female,47,6,118560,1,1,0,82522.61,1
1153402,525,France,Female,25,6,0,2,1,0,89566.64,0
1153403,525,France,Male,33,1,112833.35,1,0,1,175178.56,0
1153404,525,France,Male,26,7,153644.39,1,1,1,63197.88,0
1153405,525,Germany,Male,33,4,131023.76,2,0,0,55072.93,0
1153406,525,Spain,Male,36,3,77910.23,1,1,0,67238.01,0
1153407,525,France,Male,35,7,165358.77,1,0,1,94738.54,0
1153408,525,Spain,Male,33,5,0,2,1,0,161002.29,0
1153409,525,Spain,Female,30,5,0,2,0,1,149195.44,0
1153410,525,Germany,Female,30,0,157989.21,2,1,1,100687.67,0
1153411,525,Spain,Female,60,7,0,2,0,1,168034.9,0
1153412,525,France,Female,59,6,55328.4,1,1,0,83342.73,1
1153413,525,Germany,Female,47,1,118087.68,1,1,0,88120.78,1
1153414,525,France,Male,51,10,0,3,1,0,171045.35,1
1153415,526,France,Male,36,1,0,1,1,0,160696.72,0
1153416,526,Germany,Male,58,9,190298.89,2,1,1,191263.76,0
1153417,526,Spain,Female,43,3,0,2,1,0,31705.19,0
1153418,526,Spain,Male,30,8,0,1,1,0,36251,0
1153419,526,Germany,Male,31,5,145537.21,1,1,0,132404.64,0
1153420,526,Germany,Female,32,6,131938.92,2,1,1,1795.93,0
1153421,526,France,Male,30,9,0,2,0,0,100995.68,0
1153422,526,Germany,Male,50,5,124233.24,1,0,1,159456.87,1
1153423,526,France,Male,42,1,0,1,0,1,168486.02,0
1153424,526,Spain,Male,35,5,0,2,1,1,105618.14,0
1153425,526,Spain,Female,33,8,114634.63,2,1,0,110114.38,1
1153426,526,Germany,Female,35,9,118536.4,1,1,0,40980.87,1
1153427,526,France,Female,36,0,0,2,1,0,97767.63,0
1153428,526,Spain,Male,38,2,0,2,0,0,58010.98,0
1153429,526,Spain,Male,44,7,132044.6,2,1,1,158365.89,0
1153430,526,France,Male,28,1,112070.44,1,0,1,126281.83,0
1153431,526,France,Male,52,8,93590.47,1,0,1,21228.71,1
1153432,526,Germany,Male,44,6,133845.28,2,1,1,45180.8,0
1153433,526,Spain,Male,49,2,0,1,1,0,114539.67,1
1153434,526,Germany,Male,34,3,122726.56,1,1,1,46772.36,0
1153436,526,France,Male,32,7,125540.05,1,0,0,86786.41,0
1153437,526,Spain,Female,36,5,91132.18,1,0,0,58111.71,0
1153439,527,Spain,Female,29,2,27755.97,1,1,0,97468.44,1
1153440,527,France,Male,32,0,0,1,1,0,109523.88,0
1153441,527,Spain,Male,33,9,132168.28,1,0,0,98734.15,0
1153442,527,Spain,Female,36,6,0,2,1,1,102280.29,0
1153443,527,France,Male,47,1,0,1,1,0,21312.16,1
1153444,527,France,Female,25,6,0,2,0,1,96758.58,0
1153445,527,France,Female,32,7,0,2,1,1,44099.75,0
1153446,527,France,Female,31,1,112203.25,1,1,0,182266.01,0
1153447,527,Germany,Female,28,2,123802.98,2,1,1,155846.69,0
1153448,527,Germany,Female,41,10,136733.24,1,1,1,57589.29,0
1153449,527,Spain,Female,35,8,0,1,1,0,98031.53,1
1153450,527,Spain,Male,28,6,128396.33,2,1,0,79919.97,0
1153451,527,Germany,Female,30,6,126663.51,1,1,1,162267.91,0
1153452,527,Germany,Female,39,9,96748.89,2,1,0,94711.43,0
1153453,527,Spain,Male,53,8,0,1,1,1,51711.57,0
1153454,527,Spain,Female,46,10,131414.76,1,1,0,54947.51,0
1153455,527,France,Male,31,4,0,1,1,0,169361.89,0
1153456,527,Germany,Male,58,3,137318.42,1,1,1,126144.96,0
1153457,527,France,Male,39,4,0,2,1,0,167183.07,1
1153458,528,Spain,Male,36,7,0,2,1,0,60536.56,0
1153459,528,France,Male,30,2,128262.72,2,1,0,50771.16,0
1153460,528,Germany,Female,46,9,135555.66,1,1,0,133146.03,1
1153462,528,Spain,Male,40,4,0,2,1,0,25399.7,0
1153463,528,Germany,Female,29,9,170214.23,2,1,0,49284,0
1153464,528,France,Female,27,7,176227.07,2,0,1,139481.53,0
1153465,528,Germany,Male,39,0,127631.62,1,0,1,22197.8,1
1153466,528,France,Female,36,1,156948.41,1,1,1,149912.28,1
1153467,528,Germany,Male,22,5,93547.23,2,0,1,961.57,0
1153468,528,France,Female,26,10,102073.67,2,0,0,166799.93,0
1153469,528,France,Male,35,3,156687.1,1,1,0,199320.77,0
1153470,528,Germany,Female,44,7,133201.17,1,0,0,168507.68,1
1153471,528,Spain,Male,43,7,97473.87,2,1,1,159823.16,0
1153472,528,Spain,Male,23,7,104744.89,1,1,0,170262.97,0
1153473,528,France,Male,29,3,102787.42,1,1,0,55972.56,0
1153474,528,France,Male,34,1,125566.9,1,1,1,176763.27,0
1153475,528,France,Female,32,4,85615.66,2,1,0,156192.43,0
1153476,528,Spain,Female,32,0,68138.37,1,1,1,170309.19,0
1153477,528,Germany,Male,32,2,99092.45,1,0,1,111149.98,0
1153478,528,France,Male,31,9,120962.59,1,1,0,5419.31,0
1153479,528,France,Male,31,6,102016.72,2,0,0,80181.12,0
1153480,529,Spain,Male,35,5,0,2,1,1,187288.5,0
1153481,529,Spain,Male,44,4,96134.11,3,1,0,108732.96,1
1153482,529,France,Male,22,5,0,1,1,0,151169.83,0
1153483,529,France,Male,30,2,116295.29,1,1,0,75285.47,0
1153484,529,Spain,Male,35,5,95772.97,1,1,1,112781.5,0
1153485,529,Spain,Male,38,7,99842.5,2,1,0,90256.06,1
1153486,529,France,Female,38,2,0,1,1,0,146388.85,1
1153487,529,Germany,Male,44,5,94216.05,1,1,1,78695.68,0
1153488,529,Spain,Male,31,6,0,1,1,0,10625.91,0
1153489,529,France,Male,28,9,0,2,1,1,52545.24,0
1153490,529,Spain,Female,43,5,0,2,0,0,79476.63,0
1153491,529,France,Male,42,1,157498.9,1,1,1,82276.62,0
1153492,529,France,Female,31,2,164003.05,2,1,1,60993.23,0
1153493,529,France,Male,32,9,147493.89,1,1,0,33656.35,0
1153494,529,France,Female,43,0,123815.86,1,1,1,78463.99,1
1153495,529,Spain,Female,39,2,82766.43,1,1,1,122925.44,0
1153496,529,France,Female,31,5,0,2,1,0,26817.23,0
1153497,529,France,Female,31,7,0,2,1,1,175697.87,0
1153498,529,Spain,Male,34,9,0,1,1,1,93208.22,0
1153499,529,Spain,Female,44,1,0,2,0,0,14161.3,0
1153500,529,France,Male,46,8,0,1,0,0,126511.94,1
1153501,529,Spain,Female,35,5,0,2,1,0,56518,0
1153502,529,France,Female,29,8,0,2,1,0,19842.11,0
1153503,529,France,Female,31,6,152310.55,1,1,0,13054.25,0
1153504,529,France,Male,44,8,103101.56,2,1,1,154002.02,1
1153505,529,France,Male,39,6,102025.08,2,1,0,12351.01,0
1153506,529,France,Male,43,6,93616.35,2,0,0,98348.66,0
1153507,529,France,Male,44,1,0,2,1,1,191370.97,0
1153508,529,Germany,Male,29,4,135759.4,1,0,0,112813.79,1
1153509,529,France,Female,27,1,0,2,1,1,37769.98,0
1153510,530,Germany,Male,23,1,137060.88,2,1,1,165227.23,0
1153511,530,France,Female,33,4,129307.32,1,1,1,172930.28,0
1153512,530,Spain,Female,36,2,0,2,1,1,14721.8,0
1153513,530,Germany,Female,42,0,99948.45,1,0,1,97338.62,0
1153514,530,France,Male,25,9,162560.32,1,1,0,64129.03,0
1153515,530,France,Male,39,2,0,2,1,0,197923.05,0
1153517,530,Spain,Female,41,4,0,2,0,1,147606.71,0
1153518,530,France,Female,34,8,0,2,0,1,141872.52,0
1153519,530,Spain,Male,44,6,0,2,0,0,55893.37,0
1153520,530,France,Female,48,0,0,1,1,0,85081.09,0
1153521,530,France,Female,55,4,120905.03,1,0,1,123475.88,1
1153522,530,Spain,Female,36,7,0,2,1,0,80619.09,0
1153523,530,Germany,Male,33,9,75242.28,1,0,1,101694.67,0
1153524,530,Spain,Female,22,7,0,2,1,0,104170.48,0
1153525,530,France,Male,52,1,106723.28,1,0,0,109960.4,1
1153526,530,France,Female,29,5,0,2,0,0,121451.21,0
1153528,530,France,Female,45,1,0,1,0,1,190663.89,1
1153529,531,Spain,Female,36,9,99240.51,1,1,0,123137.01,0
1153530,531,France,Female,47,6,0,1,0,0,194998.34,1
1153531,531,France,Female,44,1,114715.71,1,0,1,24506.95,1
1153532,531,Spain,Male,27,8,132576.25,1,0,0,7222.92,0
1153533,531,Germany,Female,42,6,88324.31,2,1,0,75248.75,0
1153534,531,France,Male,29,3,114590.58,1,0,0,75585.48,0
1153535,531,Germany,Female,31,7,117052.82,1,1,0,118508.09,1
1153536,531,Spain,Female,45,1,126495.57,2,1,1,164741.5,0
1153537,531,Spain,Male,44,1,0,2,0,0,99503.19,0
1153539,531,France,Male,31,3,96288.26,1,1,0,56794.73,0
1153540,531,France,Male,31,3,0,1,1,1,42589.33,0
1153541,531,Germany,Female,32,0,109570.21,2,1,1,172049.84,0
1153542,531,France,Male,44,3,0,2,1,1,34416.79,0
1153543,531,France,Female,53,5,127642.44,1,1,0,141501.45,1
1153544,531,France,Female,42,2,0,2,0,1,90537.47,0
1153545,531,Spain,Female,42,6,75302.85,2,0,0,57034.35,0
1153546,531,Germany,Female,44,2,175754.87,2,1,1,60721.4,0
1153547,531,Spain,Male,31,2,118899.45,2,0,0,41409.36,0
1153550,532,France,Male,44,3,148595.55,1,1,0,74838.64,1
1153551,532,Spain,Female,44,3,0,1,1,1,115227.02,0
1153552,532,France,Female,40,5,0,2,0,1,177099.71,0
1153553,532,France,Male,38,9,0,2,0,0,30583.95,0
1153554,532,Germany,Male,52,9,137755.76,1,1,0,163191.99,1
1153555,532,Germany,Male,52,3,110791.97,1,1,0,148704.77,1
1153556,532,France,Male,60,5,76705.87,2,0,1,13889.73,0
1153557,532,Germany,Male,24,8,142755.25,1,0,0,34231.48,0
1153558,532,France,Male,42,1,159024.71,1,1,0,100982.93,1
1153559,532,France,Male,43,9,0,2,0,0,190573.91,1
1153560,532,Spain,Female,37,5,0,2,0,1,6761.84,0
1153561,532,Spain,Female,39,0,0,2,1,0,94977.3,0
1153562,532,France,Male,36,4,0,2,1,1,132798.78,0
1153563,533,France,Male,36,7,85311.7,1,0,1,156731.91,0
1153564,533,Spain,Female,52,7,0,1,0,1,194113.99,1
1153565,533,Spain,Male,38,1,135289.33,2,0,1,152956.33,0
1153566,533,France,Female,39,2,0,1,0,1,73669.94,1
1153567,533,France,Male,47,9,83347.25,1,1,1,137696.25,0
1153568,533,Germany,Female,22,10,115743.6,1,0,0,43852.05,0
1153569,533,Germany,Female,49,1,102286.6,3,1,0,69409.37,1
1153570,533,Germany,Male,43,4,80442.06,2,0,1,12537.42,0
1153571,533,Germany,Male,38,4,70362.52,2,1,1,104189.46,0
1153572,533,Germany,Male,51,6,127545.56,2,0,0,79559.02,1
1153573,533,France,Female,35,8,0,2,1,1,187900.12,0
1153574,534,France,Female,34,7,121551.58,2,1,1,70179,0
1153575,534,France,Female,55,8,116973.26,3,1,0,122066.5,1
1153576,534,Spain,Female,33,3,151233.62,1,0,0,199336.63,0
1153577,534,France,Male,44,2,0,2,0,0,42763.12,1
1153578,534,France,Male,24,1,0,1,1,1,169653.32,0
1153579,534,Spain,Male,51,3,0,2,0,1,20856.31,0
1153580,534,France,Male,35,2,81951.74,2,1,0,115668.53,0
1153581,534,France,Male,29,7,174851.9,1,1,1,79178.31,0
1153582,534,France,Female,42,9,144801.97,1,0,1,12483.39,1
1153583,534,France,Male,52,1,0,3,1,1,104035.41,1
1153584,534,France,Female,23,5,104822.45,1,0,1,160176.47,0
1153585,534,France,Male,36,4,120037.96,1,1,0,36275.94,0
1153586,534,France,Female,49,7,0,1,1,0,13566.48,1
1153587,534,France,Female,53,7,0,2,1,1,80619.17,0
1153588,534,France,Male,38,3,0,1,0,0,143938.27,0
1153589,534,France,Male,27,9,0,2,1,0,161344.13,0
1153590,534,France,Male,41,9,0,2,1,0,13871.34,0
1153591,534,Spain,Male,35,4,0,2,0,0,9541.15,0
1153592,534,Spain,Male,34,5,170600.78,1,0,1,5240.53,0
1153593,535,France,Female,48,9,0,1,1,0,149892.79,1
1153594,535,Germany,Male,40,7,111756.5,1,1,0,8128.32,1
1153595,535,Germany,Female,53,5,141616.55,2,1,1,75888.65,0
1153596,535,France,Female,40,8,0,1,1,1,27689.77,0
1153597,535,France,Female,31,7,111855.04,2,1,1,36278.89,0
1153598,535,Germany,Male,48,5,134542.73,1,1,1,58203.67,1
1153599,535,France,Female,44,2,114427.86,1,1,1,136330.26,0
1153600,535,France,Male,33,2,133040.32,1,1,1,110299.78,0
1153601,535,Spain,Female,49,7,115309.75,1,1,0,111421.77,0
1153602,535,Germany,Male,20,9,134874.4,1,1,1,118825.56,0
1153603,535,France,Female,38,8,0,2,1,0,136620.64,0
1153604,535,France,Female,45,2,0,2,0,1,170621.55,0
1153605,535,France,Female,29,2,112367.34,1,1,0,185630.76,0
1153606,535,Spain,Male,35,8,118989.92,1,1,1,135536.72,0
1153607,535,France,Male,47,0,160729.1,1,0,1,145986.35,0
1153608,535,France,Female,49,3,0,1,0,0,61820.41,1
1153609,535,France,Male,38,8,85982.07,1,1,0,9238.35,0
1153610,535,France,Male,30,6,103804.97,1,1,1,125710.53,0
1153611,535,Germany,Male,38,8,127475.24,1,0,0,60775.76,1
1153612,535,Spain,Male,48,9,109472.47,1,1,0,157358.43,1
1153613,535,Spain,Male,37,3,175534.78,2,1,1,9241.52,0
1153614,535,France,Female,29,5,0,2,0,1,52709.55,0
1153615,535,Spain,Female,50,1,140292.58,3,0,0,69531.22,1
1153616,535,France,Male,38,2,119272.29,1,0,0,195896.59,1
1153617,535,Spain,Female,30,5,122924.75,1,0,0,62390.59,1
1153618,535,Spain,Male,58,1,0,2,1,1,11779.98,1
1153619,535,France,Female,27,6,0,2,0,1,49775.58,0
1153620,535,France,Male,45,2,0,2,1,0,125658.28,0
1153621,535,France,Female,38,0,135919.33,1,1,0,80425.65,0
1153622,536,France,Male,35,8,0,2,1,0,64833.28,0
1153623,536,France,Male,46,1,65733.41,1,1,0,61094.53,0
1153624,536,Germany,Male,23,6,92366.72,2,1,0,120661.71,0
1153625,536,France,Female,22,5,89492.62,1,0,0,42934.43,0
1153626,536,France,Female,35,8,0,1,1,0,171840.24,1
1153627,536,France,Male,32,7,178011.5,2,1,0,22375.14,0
1153628,536,Germany,Female,44,4,121898.82,1,0,0,131007.18,0
1153629,536,Spain,Male,53,2,143923.96,1,1,0,2019.78,1
1153630,536,France,Female,44,8,65190.29,1,1,1,64308.49,1
1153631,536,Spain,Female,28,4,0,1,1,1,136197.65,0
1153632,536,Spain,Male,40,9,0,2,1,1,11959.03,0
1153633,536,Germany,Female,35,4,121520.36,1,0,0,77178.42,0
1153634,536,France,Female,41,9,0,1,1,0,121299.14,0
1153635,536,France,Male,39,4,0,2,1,0,27150.35,0
1153636,537,Germany,Female,41,3,138306.34,1,1,0,106761.47,0
1153637,537,France,Male,37,3,0,2,1,1,20603.32,0
1153638,537,Germany,Male,39,3,135309.36,1,1,0,31728.86,1
1153639,537,Germany,Female,46,5,100727.5,1,0,1,140857.76,1
1153640,537,Spain,Female,38,1,0,2,0,1,41233.97,0
1153641,537,France,Female,53,3,0,1,1,1,91406.62,0
1153642,537,Germany,Female,47,6,103163.35,1,1,0,16259.64,1
1153643,537,Spain,Male,30,1,103138.17,1,1,1,96555.42,0
1153644,537,Germany,Male,44,8,92242.34,1,1,1,186235.98,0
1153645,537,France,Male,28,3,157842.07,1,1,0,86911.49,0
1153646,537,France,Male,38,3,0,2,0,0,141023.01,0
1153647,537,France,Male,26,7,106397.75,1,0,0,103563.23,0
1153648,537,France,Male,59,9,0,2,0,0,103799.77,1
1153649,537,France,Female,41,0,0,2,0,1,175262.49,0
1153650,537,Spain,Male,42,1,190569.23,1,0,1,127154.8,0
1153651,537,Germany,Male,48,4,131834.8,1,1,0,166476.95,1
1153652,537,Germany,Female,37,7,158411.95,4,1,1,117690.58,1
1153653,537,France,Male,39,2,0,2,1,1,137651.6,0
1153654,537,France,Male,47,10,0,2,0,1,25482.62,0
1153655,537,Spain,Female,38,1,96939.06,1,1,1,102606.92,0
1153656,537,Spain,Female,38,6,141786.78,1,0,1,147797.54,0
1153657,537,France,Male,28,0,88963.31,2,1,1,189839.93,0
1153658,537,France,Female,38,10,0,1,0,0,52337.97,1
1153659,537,Spain,Female,33,7,136082,1,1,0,62746.54,0
1153660,537,France,Female,45,7,158621.04,1,1,0,120892.96,1
1153661,537,Germany,Female,47,4,124192.28,2,1,1,50881.51,0
1153662,537,Germany,Male,44,8,103291.25,2,1,1,130664.79,0
1153663,537,France,Male,37,6,0,1,1,1,17802.42,0
1153664,538,Germany,Male,39,7,108055.1,2,1,0,27231.26,0
1153665,538,Spain,Female,49,9,141434.04,1,0,0,173779.25,1
1153666,538,Spain,Male,39,2,122773.5,2,1,1,58467.08,0
1153667,538,France,Male,37,1,134752.08,1,1,0,162511.55,0
1153668,538,France,Male,33,6,93791.38,1,1,1,199249.29,0
1153669,538,Spain,Female,31,0,0,2,0,0,179453.66,0
1153670,538,France,Female,38,8,88758.95,2,0,0,28226.15,1
1153671,538,Germany,Female,28,6,164365.44,1,0,1,5698.97,0
1153672,538,Spain,Female,30,8,0,2,1,1,41192.95,0
1153673,538,Spain,Female,42,9,0,1,0,0,152855.96,0
1153674,538,France,Female,33,5,0,2,1,0,126962.41,0
1153675,538,Germany,Male,25,5,62482.95,1,1,1,102758.43,0
1153676,538,Germany,Female,42,1,98548.62,2,0,1,94047.75,0
1153677,538,Spain,Male,44,9,0,2,1,0,110440.5,1
1153678,538,France,Male,31,1,0,2,1,0,1375.46,0
1153679,538,France,Female,44,3,75051.49,1,0,0,17682.02,1
1153680,538,Spain,Male,40,8,0,2,1,1,25554.4,0
1153681,538,Spain,Male,43,5,0,2,1,0,126933.73,0
1153682,538,Germany,Female,42,4,80380.24,1,1,0,119216.46,0
1153683,538,France,Female,32,2,0,1,1,1,80130.54,0
1153684,539,France,Male,37,2,127609.59,1,1,0,98646.22,0
1153685,539,Germany,Female,43,3,116220.5,3,1,0,55803.96,1
1153686,539,France,Male,30,0,0,2,1,0,160979.66,0
1153687,539,France,Male,39,3,0,2,1,0,36692.17,0
1153688,539,Germany,Female,34,4,91622.42,1,1,1,136603.42,0
1153689,539,Germany,Female,38,8,82407.51,1,1,0,13123.41,0
1153690,539,Spain,Male,38,8,71460.67,2,1,1,10074.05,0
1153691,539,Spain,Male,38,6,0,1,1,1,152880.07,1
1153692,539,Spain,Female,37,1,130922.81,2,0,0,2186.83,0
1153693,539,France,Female,22,0,100885.93,2,1,1,38772.65,0
1153694,539,France,Female,24,3,0,2,1,1,198161.07,0
1153695,539,Spain,Male,36,6,0,3,1,1,118959.64,0
1153696,539,France,Male,39,3,139153.68,2,1,0,147662.33,0
1153697,539,Germany,Female,38,8,105435.74,1,0,0,80575.44,1
1153698,539,Spain,Female,39,6,62052.28,1,0,1,59755.14,0
1153699,539,Spain,Male,39,2,0,2,1,1,48189.94,0
1153700,539,France,Male,38,5,0,2,1,0,47388.41,0
1153701,539,France,Female,29,4,0,2,1,1,100919.19,0
1153702,539,Spain,Male,28,5,0,2,1,0,48382.4,0
1153703,539,France,Male,39,6,0,2,1,1,86767.48,0
1153704,539,France,Female,40,7,81132.21,1,1,0,167289.82,0
1153705,539,France,Female,47,2,127286.04,2,1,1,166929.43,1
1153706,539,France,Male,39,1,0,1,1,1,28184.7,0
1153707,539,France,Male,20,0,83459.86,1,1,1,146752.67,0
1153708,539,Germany,Male,42,1,177728.55,1,1,0,105013.63,0
1153709,540,Germany,Female,42,9,87271.41,2,1,0,172572.64,0
1153710,540,Germany,Male,44,3,164113.04,2,1,1,12120.79,0
1153711,540,France,Male,48,0,148116.48,1,0,0,116973.48,0
1153712,540,France,Male,22,4,0,3,1,1,186233.26,1
1153713,540,France,Male,25,5,116160.23,1,1,0,13411.67,0
1153714,540,Germany,Male,39,1,82531.11,1,1,0,114092.52,0
1153715,540,Germany,Male,39,4,127278.31,1,1,1,16150.34,0
1153716,540,Spain,Male,44,1,88382.01,1,0,1,59457,0
1153717,540,Spain,Female,28,6,84121.04,1,0,1,80698.54,0
1153718,540,Germany,Male,44,1,91869.69,1,0,1,95421,0
1153719,540,France,Male,48,2,109349.29,1,1,0,88703.04,1
1153720,540,Germany,Male,35,7,127801.88,1,0,1,84239.46,0
1153721,540,Spain,Male,28,8,0,2,0,0,197588.32,0
1153722,540,France,Female,40,3,165298.12,1,0,1,199862.75,0
1153723,540,France,Male,37,6,0,2,1,0,141998.89,0
1153724,540,Spain,Male,39,1,0,1,0,1,108419.41,0
1153725,540,France,Female,31,7,0,1,0,1,183051.6,1
1153726,540,Germany,Male,37,3,129965.18,1,0,0,19374.08,0
1153727,540,Spain,Male,37,0,120825.7,1,1,0,28257.89,0
1153728,540,Spain,Male,39,2,0,2,1,0,81995.92,0
1153729,540,France,Male,41,3,0,2,1,0,121098.65,0
1153730,540,Spain,Female,31,10,118158.74,1,1,1,158027.57,0
1153731,540,Germany,Female,35,7,128369.75,2,1,0,198256.15,0
1153732,540,Spain,Female,40,8,0,2,1,0,3560,0
1153733,541,Germany,Male,40,7,95710.11,2,1,0,49063.42,0
1153734,541,France,Male,37,9,118636.92,1,1,1,73551.44,0
1153735,541,France,Male,29,7,127504.57,1,0,0,86173.92,0
1153736,541,France,Male,46,4,124547.13,2,1,0,94499.06,0
1153737,541,Germany,Male,51,7,90373.28,2,1,0,179861.79,0
1153738,541,France,Female,32,4,0,1,1,1,114951.42,0
1153739,541,France,Male,34,3,128743.55,1,1,0,134851.12,0
1153740,541,France,Male,46,6,0,2,1,1,83456.67,0
1153741,541,Germany,Female,39,9,100116.67,1,1,1,199808.1,1
1153742,541,France,Male,32,8,0,2,0,0,40889.14,0
1153743,541,France,Male,37,9,212314.03,1,0,1,148814.54,0
1153744,541,France,Male,39,7,0,2,1,0,19823.02,0
1153745,541,France,Male,36,5,0,2,1,0,124795.84,0
1153746,541,France,Female,39,6,109844.81,1,1,0,25289.23,0
1153747,542,France,Male,39,3,135096.77,1,1,1,14353.43,1
1153748,542,France,Female,43,8,145618.37,1,0,1,10350.74,0
1153749,542,France,Male,38,8,65942.26,1,1,1,68093.23,1
1153750,542,France,Female,59,2,68892.77,2,1,0,7905.06,1
1153751,542,Spain,Male,32,2,131945.94,1,0,1,159737.56,0
1153752,542,France,Female,39,4,109949.39,2,1,1,41268.65,0
1153753,542,Spain,Male,43,6,113567.94,1,1,0,89543.25,0
1153754,542,France,Male,34,8,101116.06,1,1,0,196395.05,0
1153755,542,Germany,Male,33,8,142871.27,2,0,0,77737.86,0
1153756,542,France,Male,32,7,107871.72,1,1,0,125302.64,0
1153757,542,Spain,Male,54,8,105770.14,1,0,1,140929.98,1
1153758,542,Spain,Male,34,8,108653.93,1,0,1,144725.14,0
1153759,542,France,Female,29,7,0,2,0,1,196651.72,0
1153760,542,France,Male,29,9,0,1,1,0,8342.35,0
1153761,542,France,Female,25,7,0,2,0,1,82393.08,0
1153762,542,Spain,Female,26,2,0,2,1,1,54869.54,0
1153763,542,Germany,Male,25,8,139330.1,1,0,0,54372.37,0
1153764,542,France,Female,42,1,0,1,1,1,178256.58,1
1153765,542,Spain,Male,37,8,0,1,1,1,807.06,0
1153766,542,Germany,Female,35,9,127543.11,2,1,0,468.94,1
1153767,542,France,Male,44,10,129431.36,1,0,1,21343.74,0
1153768,542,Spain,Male,35,2,174894.53,1,1,1,22314.55,0
1153769,542,France,Female,31,3,0,2,1,1,115217.59,0
1153770,543,France,Female,36,3,0,2,0,0,26019.59,0
1153771,543,France,Male,22,8,0,2,0,0,127587.22,0
1153772,543,Spain,Female,41,4,0,1,0,0,194902.16,0
1153773,543,Spain,Male,35,10,59408.63,1,1,0,76773.53,0
1153774,543,France,Male,36,4,0,2,1,1,141210.5,0
1153775,543,Germany,Female,57,1,106138.33,2,1,1,120657.32,1
1153776,543,France,Male,36,6,0,2,1,0,176728.28,0
1153777,543,Germany,Male,48,1,100900.5,1,0,0,33310.72,1
1153778,543,France,Male,43,9,0,2,1,1,78858.07,0
1153779,543,Spain,Male,37,3,0,2,1,1,78915.68,0
1153780,543,France,Male,35,5,137482.19,1,0,0,62389.35,0
1153781,543,France,Female,31,2,147674.26,1,1,1,16658.76,0
1153782,543,France,Female,42,5,0,2,0,0,101905.34,0
1153783,543,Germany,Female,25,1,146566.01,1,0,1,161407.48,0
1153784,543,France,Female,32,7,147256.86,1,1,0,112771.95,0
1153785,543,Germany,Male,49,6,59532.18,1,1,0,104253.56,0
1153786,543,Spain,Female,46,5,140355.6,1,1,1,85086.78,0
1153787,543,France,Male,30,4,140916.81,1,1,0,157711.18,0
1153788,543,France,Male,42,4,89838.71,3,1,0,85983.54,1
1153789,543,France,Female,44,1,104308.77,1,1,1,25650.04,0
1153790,543,Germany,Male,30,6,73481.05,1,1,1,176692.65,0
1153791,543,Germany,Male,41,6,143350.41,1,1,1,192070.16,1
1153792,543,France,Female,34,8,0,2,0,1,145601.8,0
1153793,543,Spain,Male,23,5,0,2,1,0,117832.39,0
1153794,543,France,Male,44,4,0,2,1,1,148305.82,0
1153795,543,France,Male,42,7,0,1,1,1,56650.47,0
1153796,543,France,Female,44,0,128843.67,1,1,1,134612.48,0
1153797,543,France,Female,31,4,138317.94,1,0,0,61843.73,0
1153798,543,Germany,Male,37,8,140894.06,2,1,1,118059.19,0
1153799,543,Germany,Female,37,3,122304.65,2,0,0,33998.7,0
1153800,543,Spain,Male,41,5,0,2,0,1,143980.29,0
1153801,544,Germany,Male,37,2,79731.91,1,1,1,57558.95,0
1153802,544,France,Female,21,10,161525.96,2,1,0,9262.77,0
1153803,544,France,Male,44,9,113829.45,1,1,1,124341.49,0
1153804,544,France,Male,37,3,84496.71,1,0,0,79972.09,0
1153805,544,France,Female,44,3,124043.8,1,1,1,111402.97,1
1153806,544,France,Female,29,1,118560.55,1,1,1,164137.36,0
1153807,544,France,Female,45,6,0,2,0,1,151401.33,0
1153808,544,France,Female,32,9,110728.39,1,1,1,14559.62,0
1153809,544,Germany,Male,39,4,142406.43,2,1,0,146637.45,0
1153810,544,France,Male,23,1,96471.2,1,1,0,35550.97,0
1153811,544,Germany,Male,44,2,108895.93,1,0,0,69228.2,1
1153812,544,France,Male,40,8,0,2,1,0,61581.2,0
1153813,544,France,Female,40,7,0,1,0,1,161076.92,0
1153814,544,Spain,Male,30,8,145241.63,1,1,1,80676.83,0
1153815,544,Spain,Male,22,3,66483.32,1,0,1,110317.39,0
1153816,544,Spain,Male,37,2,0,2,0,0,135067.02,0
1153817,544,Germany,Male,47,5,105245.21,1,0,0,99922.08,1
1153818,544,France,Male,48,10,78314.63,3,1,1,103713.93,1
1153819,544,France,Female,33,6,0,2,1,1,124113.04,0
1153820,544,France,Male,44,1,0,2,0,0,69244.24,0
1153821,544,Spain,Male,22,4,0,2,1,0,70007.67,0
1153822,544,France,Female,26,6,0,1,1,0,100200.4,1
1153823,544,Spain,Female,53,9,0,1,1,0,125692.07,1
1153824,544,France,Male,30,4,73218.89,1,0,1,126796.69,0
1153825,544,France,Male,38,8,0,1,1,1,98208.62,0
1153826,545,France,Female,26,1,0,2,1,1,199638.56,0
1153827,545,Spain,Female,47,5,0,2,1,1,38970.14,0
1153828,545,Germany,Female,37,8,114754.08,1,1,0,136050.44,1
1153829,545,Germany,Female,60,7,128981.07,1,0,1,176924.21,1
1153830,545,France,Male,38,1,88293.13,2,1,1,24302.95,0
1153831,545,Spain,Female,32,4,0,1,1,0,94739.2,0
1153832,545,Spain,Female,44,3,0,2,1,1,161326.73,0
1153833,545,France,Male,23,2,0,2,1,0,189613.12,0
1153834,545,Spain,Female,39,6,0,1,0,0,38410.74,1
1153835,545,Germany,Male,37,9,110483.86,1,1,1,127394.67,0
1153836,545,France,Female,55,5,0,1,0,0,10034.77,1
1153837,545,Germany,Male,45,6,93796.42,2,1,1,162321.26,0
1153838,545,Spain,Male,36,8,73211.12,2,1,0,89587.34,1
1153839,545,Spain,Female,33,7,173331.52,1,1,0,150452.88,0
1153840,545,France,Male,47,8,105792.49,1,0,1,67830.2,1
1153841,545,Germany,Male,53,5,114421.55,1,1,0,180598.28,1
1153842,545,Germany,Female,44,2,127536.44,1,1,0,108398.63,0
1153843,545,France,Male,26,7,0,2,0,1,156598.23,0
1153844,545,Germany,Male,37,9,95829.13,2,0,1,104936.88,0
1153845,545,France,Male,30,3,0,2,1,0,170307.43,0
1153846,545,Germany,Male,33,1,132527.9,2,0,1,107429.71,0
1153847,545,France,Female,32,6,0,2,1,1,52067.37,0
1153848,545,France,Male,37,3,91184.01,1,1,0,105476.65,0
1153849,545,Spain,Female,44,1,0,2,1,1,82614.89,0
1153850,546,France,Female,27,8,0,2,1,1,14858.1,0
1153851,546,Spain,Male,42,7,139070.51,1,1,1,86945,0
1153852,546,France,Male,24,8,156325.38,1,1,1,125381.02,0
1153853,546,France,Male,28,8,0,1,1,0,159254.29,0
1152507,445,France,Male,,3,0,2,1,1,180012.39,0
1152525,449,France,Female,,6,0,2,1,0,82176.48,0
1152552,453,France,Female,,4,131834.76,2,1,0,8949.2,0
1152560,455,Germany,Female,,6,170057.62,1,0,1,54398.56,0
1152612,464,Germany,Male,,4,155994.15,1,0,0,143665.44,0
1152653,469,Spain,Male,,9,96776.49,1,1,1,119890.86,0
1152677,472,France,Female,,1,0,2,1,1,48357.9,0
1152687,474,Spain,Male,,3,0,2,0,0,57175.32,0
1152690,474,France,Male,,3,98431.37,1,0,0,75698.44,0
1152695,474,Germany,Female,,5,142688.57,2,1,1,110953.33,0
1152706,476,France,Male,,4,0,1,1,1,55775.84,1
1152739,479,Spain,Male,,6,118433.94,1,0,1,160060.9,0
1152762,481,Spain,Female,,8,0,2,1,0,44215.86,0
1152763,481,France,Male,,8,152303.66,2,1,1,175082.2,0
1152799,485,France,Male,,5,0,2,0,1,170226.47,0
1152803,486,Germany,Male,,9,115217.99,2,1,0,144995.33,0
1152807,486,Germany,Male,,1,101438,1,0,0,51364.56,0
1152816,487,France,Male,,6,0,2,1,1,126477.41,0
1152823,487,France,Male,,2,0,2,1,1,126722.57,0
1152850,490,France,Female,,3,116465.53,1,0,1,24435.77,0
1152894,493,France,Female,,8,142987.46,2,1,0,158840.99,0
1152899,494,Germany,Male,,5,107106.33,2,1,0,172063.09,0
1152938,497,Spain,Male,,8,128650.11,2,1,1,163641.53,0
1152954,498,Germany,Male,,8,108432.88,2,1,1,14865.05,0
1152977,500,Spain,Male,,9,125822.21,1,1,0,111698,0
1152996,501,France,Male,,4,0,2,0,0,12470.3,0
1153013,502,France,Male,,10,0,1,1,1,76642.68,0
1153022,503,Spain,Male,,6,0,2,0,0,136506.86,0
1153027,503,France,Female,,8,0,2,1,1,97893.32,0
1153053,505,Germany,Female,,10,122453.97,2,1,1,52693.99,0
1153057,505,Germany,Female,,6,159863.9,2,0,1,125307.87,0
1153060,505,Spain,Male,,0,134006.39,1,1,1,93736.69,0
1153068,506,France,Male,,5,0,2,1,1,127543.81,0
1153159,512,France,Female,,1,0,2,0,1,156105.03,0
1153181,513,France,Female,,6,0,2,1,0,110142.34,0
1153210,515,Germany,Male,,2,90432.92,1,1,1,188366.04,1
1153219,515,France,Female,,0,196853.62,1,1,1,132770.11,0
1153233,516,France,Male,,8,0,1,1,0,101834.58,0
1153249,516,France,Female,,8,113143.12,1,0,0,3363.36,0
1153256,517,France,Male,,5,113308.84,1,0,1,31517.16,0
1153326,521,France,Male,,2,0,2,1,1,86372.24,0
1153338,521,France,Male,,5,105843.26,2,1,1,84908.2,0
1153349,522,Germany,Female,,3,95022.57,1,1,1,129107.59,0
1153380,524,Germany,Female,,9,127480.58,2,1,0,179634.69,0
1153396,525,Spain,Female,,0,0,1,0,1,131521.72,0
1153435,526,France,Female,,5,53573.18,1,1,0,62830.97,0
1153438,527,Spain,Male,,5,93722.73,2,1,1,139093.73,0
1153461,528,France,Male,,6,103772.45,1,1,0,197111.99,0
1153516,530,Spain,Male,,4,0,2,1,1,164844.37,0
1153527,530,France,Male,,8,0,2,1,1,287.99,0
1153538,531,Spain,Male,,1,143407.29,2,0,1,84402.46,0
1153548,531,France,Female,,1,0,1,1,0,4606.97,0
1153549,531,France,Male,,7,121854.45,1,1,0,147521.35,0
